"","X","MONTH","DAY","DAY_OF_WEEK","AIRLINE","ORIGIN_AIRPORT","DESTINATION_AIRPORT","SCHEDULED_ARRIVAL","ARRIVAL_TIME","ARRIVAL_DELAY","SCHEDULED_DEPARTURE","DEPARTURE_TIME","DEPARTURE_DELAY"
"1",10,1,1,4,"DL","SEA","MSP",549,557,8,40,39,-1
"2",13,1,1,4,"AA","SEA","MIA",938,939,1,100,52,-8
"3",35,1,1,4,"AA","SEA","DFW",1150,1206,16,555,555,0
"4",143,1,1,4,"DL","SEA","ATL",1405,1418,13,630,631,1
"5",221,1,1,4,"AA","SEA","DFW",1250,1314,24,700,656,-4
"6",226,1,1,4,"DL","SEA","LAX",933,929,-4,700,712,12
"7",229,1,1,4,"DL","SEA","DTW",1415,1352,-23,700,652,-8
"8",236,1,1,4,"DL","SEA","MSP",1216,1159,-17,700,656,-4
"9",266,1,1,4,"DL","SEA","JFK",1517,1455,-22,705,705,0
"10",284,1,1,4,"AA","SEA","JFK",1530,1511,-19,715,710,-5
"11",375,1,1,4,"DL","SEA","ATL",1528,1522,-6,745,745,0
"12",482,1,1,4,"DL","SEA","HNL",1229,1210,-19,815,813,-2
"13",594,1,1,4,"AA","SEA","ORD",1445,1433,-12,850,849,-1
"14",602,1,1,4,"DL","SEA","MSP",1410,1422,12,852,906,14
"15",666,1,1,4,"AA","SEA","DFW",1455,1457,2,905,901,-4
"16",765,1,1,4,"DL","SEA","DTW",1646,1627,-19,937,933,-4
"17",1003,1,1,4,"AA","SEA","DFW",1645,1653,8,1100,1049,-11
"18",1139,1,1,4,"DL","SEA","SLC",1429,1424,-5,1135,1130,-5
"19",1182,1,1,4,"DL","SEA","DTW",1855,1827,-28,1147,1142,-5
"20",1218,1,1,4,"DL","SEA","ATL",1934,1916,-18,1155,1156,1
"21",1307,1,1,4,"DL","SEA","JFK",2024,2004,-20,1215,1216,1
"22",1391,1,1,4,"DL","SEA","LAX",1510,1500,-10,1239,1237,-2
"23",1521,1,1,4,"DL","SEA","SLC",1609,1604,-5,1315,1316,1
"24",1674,1,1,4,"AA","SEA","DFW",1950,2023,33,1400,1359,-1
"25",1678,1,1,4,"DL","SEA","MSP",1916,1912,-4,1400,1407,7
"26",1709,1,1,4,"DL","SEA","OGG",1812,1806,-6,1410,1407,-3
"27",1768,1,1,4,"AA","SEA","ORD",2025,2049,24,1435,1456,21
"28",1783,1,1,4,"DL","SEA","ATL",2211,2200,-11,1440,1438,-2
"29",1855,1,1,4,"DL","SEA","ANC",1736,1728,-8,1500,1456,-4
"30",2013,1,1,4,"AA","SEA","DFW",2130,2146,16,1545,1544,-1
"31",2192,1,1,4,"DL","SEA","SLC",1923,1913,-10,1631,1625,-6
"32",2383,1,1,4,"DL","SEA","LAX",2009,1956,-13,1735,1735,0
"33",2452,1,1,4,"DL","SEA","HNL",2205,2201,-4,1751,1751,0
"34",2881,1,1,4,"DL","SEA","ANC",2336,2320,-16,2055,2048,-7
"35",3012,1,1,4,"AA","SEA","MIA",739,836,57,2305,2342,37
"36",3015,1,1,4,"DL","SEA","CVG",624,613,-11,2310,2310,0
"37",3028,1,1,4,"AA","SEA","DFW",530,538,8,2350,2354,4
"38",3031,1,1,4,"DL","SEA","ATL",728,735,7,2355,2349,-6
"39",3039,1,2,5,"AA","SEA","ORD",620,627,7,30,31,1
"40",3048,1,2,5,"DL","SEA","MSP",550,537,-13,40,35,-5
"41",3055,1,2,5,"AA","SEA","MIA",938,945,7,100,49,-11
"42",3098,1,2,5,"AA","SEA","DFW",1150,1141,-9,555,548,-7
"43",3150,1,2,5,"DL","SEA","DTW",1312,1258,-14,600,557,-3
"44",3175,1,2,5,"DL","SEA","SLC",859,856,-3,600,557,-3
"45",3282,1,2,5,"DL","SEA","ATL",1405,1415,10,630,628,-2
"46",3337,1,2,5,"DL","SEA","MSP",1201,1154,-7,645,647,2
"47",3392,1,2,5,"AA","SEA","DFW",1250,1309,19,700,708,8
"48",3456,1,2,5,"DL","SEA","JFK",1516,1755,159,705,1004,179
"49",3477,1,2,5,"DL","SEA","SLC",1009,1000,-9,710,709,-1
"50",3482,1,2,5,"AA","SEA","JFK",1530,1526,-4,715,731,16
"51",3625,1,2,5,"DL","SEA","ATL",1528,1529,1,745,742,-3
"52",3751,1,2,5,"DL","SEA","HNL",1229,1222,-7,815,812,-3
"53",3895,1,2,5,"AA","SEA","ORD",1445,1446,1,850,859,9
"54",3904,1,2,5,"DL","SEA","MSP",1409,1403,-6,852,851,-1
"55",3964,1,2,5,"AA","SEA","DFW",1455,1450,-5,905,901,-4
"56",4059,1,2,5,"DL","SEA","DTW",1647,1625,-22,937,931,-6
"57",4093,1,2,5,"DL","SEA","ATL",1722,1742,20,945,1009,24
"58",4169,1,2,5,"DL","SEA","SLC",1256,1244,-12,1003,957,-6
"59",4360,1,2,5,"AA","SEA","DFW",1645,1840,115,1100,1249,109
"60",4521,1,2,5,"DL","SEA","MSP",1650,1708,18,1140,1152,12
"61",4522,1,2,5,"DL","SEA","JFK",1949,1948,-1,1140,1140,0
"62",4547,1,2,5,"DL","SEA","DTW",1855,1910,15,1147,1209,22
"63",4560,1,2,5,"AA","SEA","ORD",1750,1752,2,1150,1150,0
"64",4585,1,2,5,"DL","SEA","ATL",1934,1952,18,1155,1155,0
"65",4705,1,2,5,"DL","SEA","ANC",1500,1518,18,1220,1227,7
"66",4730,1,2,5,"DL","SEA","LAX",1500,NA,NA,1229,NA,NA
"67",4887,1,2,5,"DL","SEA","MSP",1831,1840,9,1313,1313,0
"68",4906,1,2,5,"DL","SEA","SLC",1605,1626,21,1315,1344,29
"69",5084,1,2,5,"AA","SEA","DFW",1950,1944,-6,1400,1355,-5
"70",5093,1,2,5,"DL","SEA","DTW",2100,2327,147,1400,1639,159
"71",5129,1,2,5,"DL","SEA","OGG",1812,1837,25,1410,1405,-5
"72",5208,1,2,5,"AA","SEA","ORD",2025,53,268,1435,1910,275
"73",5223,1,2,5,"DL","SEA","ATL",2211,2252,41,1440,1442,2
"74",5310,1,2,5,"DL","SEA","ANC",1736,1750,14,1500,1501,1
"75",5470,1,2,5,"AA","SEA","DFW",2130,2350,140,1545,1749,124
"76",5487,1,2,5,"DL","SEA","MSP",2101,2322,141,1549,1824,155
"77",5661,1,2,5,"DL","SEA","SLC",1924,1913,-11,1631,1631,0
"78",5985,1,2,5,"DL","SEA","HNL",2205,2255,50,1751,1808,17
"79",6053,1,2,5,"DL","SEA","SLC",2106,2103,-3,1810,1809,-1
"80",6243,1,2,5,"DL","SEA","MSP",16,14,-2,1905,1913,8
"81",6449,1,2,5,"DL","SEA","SLC",2255,2306,11,2000,2026,26
"82",6581,1,2,5,"DL","SEA","ANC",2336,2344,8,2055,2048,-7
"83",6773,1,2,5,"DL","SEA","ATL",603,604,1,2230,2230,0
"84",6793,1,2,5,"DL","SEA","JFK",658,653,-5,2250,2250,0
"85",6811,1,2,5,"DL","SEA","DTW",611,553,-18,2300,2257,-3
"86",6813,1,2,5,"AA","SEA","MIA",739,800,21,2305,2303,-2
"87",6819,1,2,5,"DL","SEA","CVG",624,607,-17,2310,2304,-6
"88",6842,1,2,5,"AA","SEA","DFW",530,529,-1,2350,2352,2
"89",6846,1,2,5,"DL","SEA","ATL",728,751,23,2355,8,13
"90",6854,1,3,6,"AA","SEA","ORD",620,614,-6,30,25,-5
"91",6863,1,3,6,"DL","SEA","MSP",550,549,-1,40,55,15
"92",6868,1,3,6,"AA","SEA","MIA",938,932,-6,100,54,-6
"93",6915,1,3,6,"AA","SEA","DFW",1150,1133,-17,555,555,0
"94",6949,1,3,6,"DL","SEA","DTW",1312,1311,-1,600,557,-3
"95",7004,1,3,6,"DL","SEA","SLC",859,900,1,600,622,22
"96",7102,1,3,6,"DL","SEA","ATL",1405,1416,11,630,627,-3
"97",7145,1,3,6,"DL","SEA","MSP",1201,1142,-19,645,645,0
"98",7199,1,3,6,"AA","SEA","DFW",1250,1237,-13,700,653,-7
"99",7245,1,3,6,"DL","SEA","JFK",1510,1522,12,700,722,22
"100",7279,1,3,6,"DL","SEA","SLC",1009,955,-14,710,707,-3
"101",7285,1,3,6,"AA","SEA","JFK",1530,1522,-8,715,709,-6
"102",7406,1,3,6,"DL","SEA","ATL",1528,1533,5,745,740,-5
"103",7540,1,3,6,"DL","SEA","HNL",1229,1502,153,815,1028,133
"104",7658,1,3,6,"DL","SEA","MSP",1402,1347,-15,845,843,-2
"105",7668,1,3,6,"AA","SEA","ORD",1445,1450,5,850,848,-2
"106",7731,1,3,6,"AA","SEA","DFW",1455,1515,20,905,940,35
"107",7857,1,3,6,"DL","SEA","ATL",1722,1728,6,945,946,1
"108",7914,1,3,6,"DL","SEA","SLC",1256,1334,38,1003,1052,49
"109",8086,1,3,6,"AA","SEA","DFW",1645,1701,16,1100,1135,35
"110",8231,1,3,6,"DL","SEA","JFK",1944,2002,18,1140,1139,-1
"111",8234,1,3,6,"DL","SEA","MSP",1650,1715,25,1140,1202,22
"112",8256,1,3,6,"DL","SEA","DTW",1855,1912,17,1147,1206,19
"113",8269,1,3,6,"AA","SEA","ORD",1750,1835,45,1150,1233,43
"114",8321,1,3,6,"DL","SEA","ATL",1930,2006,36,1202,1222,20
"115",8388,1,3,6,"DL","SEA","ANC",1500,1517,17,1220,1240,20
"116",8567,1,3,6,"DL","SEA","MSP",1831,1828,-3,1313,1318,5
"117",8582,1,3,6,"DL","SEA","SLC",1605,1631,26,1315,1350,35
"118",8740,1,3,6,"AA","SEA","DFW",1950,2002,12,1400,1420,20
"119",8746,1,3,6,"DL","SEA","DTW",2100,2107,7,1400,1359,-1
"120",8779,1,3,6,"DL","SEA","OGG",1812,2212,240,1410,1809,239
"121",8855,1,3,6,"AA","SEA","ORD",2025,2031,6,1435,1435,0
"122",8871,1,3,6,"DL","SEA","ATL",2211,2244,33,1440,1500,20
"123",8938,1,3,6,"DL","SEA","ANC",1736,1734,-2,1500,1505,5
"124",9081,1,3,6,"AA","SEA","DFW",2130,2102,-28,1545,1541,-4
"125",9093,1,3,6,"DL","SEA","MSP",2057,2142,45,1545,1643,58
"126",9252,1,3,6,"DL","SEA","SLC",1924,1906,-18,1631,1630,-1
"127",9537,1,3,6,"DL","SEA","HNL",2205,2210,5,1751,1747,-4
"128",9601,1,3,6,"DL","SEA","SLC",2106,2114,8,1810,1828,18
"129",9766,1,3,6,"DL","SEA","MSP",16,3,-13,1905,1901,-4
"130",9961,1,3,6,"DL","SEA","SLC",2255,2239,-16,2000,1958,-2
"131",10080,1,3,6,"DL","SEA","ANC",2336,2329,-7,2055,2059,4
"132",10266,1,3,6,"DL","SEA","ATL",603,647,44,2230,2317,47
"133",10284,1,3,6,"DL","SEA","JFK",658,701,3,2250,2255,5
"134",10296,1,3,6,"DL","SEA","DTW",611,600,-11,2300,2301,1
"135",10298,1,3,6,"AA","SEA","MIA",739,829,50,2305,2345,40
"136",10306,1,3,6,"DL","SEA","CVG",624,606,-18,2310,2306,-4
"137",10327,1,3,6,"AA","SEA","DFW",530,540,10,2350,2355,5
"138",10340,1,4,7,"AA","SEA","ORD",620,731,71,30,155,85
"139",10348,1,4,7,"DL","SEA","MSP",550,543,-7,40,49,9
"140",10355,1,4,7,"AA","SEA","MIA",938,940,2,100,102,2
"141",10396,1,4,7,"AA","SEA","DFW",1150,1132,-18,555,550,-5
"142",10433,1,4,7,"DL","SEA","DTW",1312,1318,6,600,558,-2
"143",10484,1,4,7,"DL","SEA","SLC",859,835,-24,600,556,-4
"144",10578,1,4,7,"DL","SEA","ATL",1405,1352,-13,630,626,-4
"145",10619,1,4,7,"DL","SEA","MSP",1201,1132,-29,645,641,-4
"146",10672,1,4,7,"AA","SEA","DFW",1250,1233,-17,700,701,1
"147",10733,1,4,7,"DL","SEA","JFK",1516,1549,33,705,731,26
"148",10754,1,4,7,"DL","SEA","SLC",1009,1019,10,710,735,25
"149",10760,1,4,7,"AA","SEA","JFK",1530,1533,3,715,715,0
"150",10895,1,4,7,"DL","SEA","ATL",1528,1515,-13,745,744,-1
"151",11029,1,4,7,"DL","SEA","HNL",1229,1239,10,815,815,0
"152",11163,1,4,7,"DL","SEA","MSP",1402,1332,-30,845,839,-6
"153",11174,1,4,7,"AA","SEA","ORD",1445,1436,-9,850,848,-2
"154",11235,1,4,7,"AA","SEA","DFW",1455,1445,-10,905,906,1
"155",11334,1,4,7,"DL","SEA","DTW",1647,1836,109,937,1133,116
"156",11377,1,4,7,"DL","SEA","ATL",1722,1705,-17,945,946,1
"157",11441,1,4,7,"DL","SEA","SLC",1256,1336,40,1003,1046,43
"158",11629,1,4,7,"AA","SEA","DFW",1645,1655,10,1100,1100,0
"159",11793,1,4,7,"DL","SEA","MSP",1650,1649,-1,1140,1150,10
"160",11794,1,4,7,"DL","SEA","JFK",1949,2149,120,1140,1344,124
"161",11818,1,4,7,"DL","SEA","DTW",1855,1850,-5,1147,1147,0
"162",11830,1,4,7,"AA","SEA","ORD",1750,1806,16,1150,1209,19
"163",11857,1,4,7,"DL","SEA","ATL",1936,1942,6,1157,1221,24
"164",11974,1,4,7,"DL","SEA","ANC",1500,1445,-15,1220,1218,-2
"165",12002,1,4,7,"DL","SEA","LAX",1500,1516,16,1229,1227,-2
"166",12160,1,4,7,"DL","SEA","MSP",1831,1827,-4,1313,1322,9
"167",12179,1,4,7,"DL","SEA","SLC",1605,1624,19,1315,1331,16
"168",12352,1,4,7,"AA","SEA","DFW",1950,1933,-17,1400,1412,12
"169",12360,1,4,7,"DL","SEA","DTW",2100,2126,26,1400,1442,42
"170",12397,1,4,7,"DL","SEA","OGG",1812,1902,50,1410,1453,43
"171",12479,1,4,7,"AA","SEA","ORD",2025,2115,50,1435,1540,65
"172",12497,1,4,7,"DL","SEA","ATL",2211,2235,24,1440,1519,39
"173",12582,1,4,7,"DL","SEA","ANC",1736,1824,48,1500,1529,29
"174",12743,1,4,7,"AA","SEA","DFW",2130,2136,6,1545,1548,3
"175",12746,1,4,7,"DL","SEA","MSP",2057,2130,33,1545,1639,54
"176",12933,1,4,7,"DL","SEA","SLC",1924,1940,16,1631,1656,25
"177",13255,1,4,7,"DL","SEA","HNL",2205,2201,-4,1751,1753,2
"178",13325,1,4,7,"DL","SEA","SLC",2106,2053,-13,1810,1814,4
"179",13518,1,4,7,"DL","SEA","MSP",16,2400,-16,1905,1902,-3
"180",13721,1,4,7,"DL","SEA","SLC",2255,2315,20,2000,2038,38
"181",13859,1,4,7,"DL","SEA","ANC",2336,2354,18,2055,2058,3
"182",14055,1,4,7,"DL","SEA","ATL",603,535,-28,2230,2228,-2
"183",14074,1,4,7,"DL","SEA","JFK",658,616,-42,2250,2248,-2
"184",14086,1,4,7,"DL","SEA","DTW",611,623,12,2300,2338,38
"185",14091,1,4,7,"AA","SEA","MIA",739,734,-5,2305,2313,8
"186",14095,1,4,7,"DL","SEA","CVG",624,549,-35,2310,2310,0
"187",14117,1,4,7,"AA","SEA","DFW",530,821,171,2350,253,183
"188",14119,1,4,7,"DL","SEA","ATL",728,706,-22,2355,2355,0
"189",14130,1,5,1,"AA","SEA","ORD",620,641,21,30,120,50
"190",14138,1,5,1,"DL","SEA","MSP",607,553,-14,55,104,9
"191",14139,1,5,1,"AA","SEA","MIA",938,951,13,100,122,22
"192",14191,1,5,1,"AA","SEA","DFW",1150,1115,-35,555,550,-5
"193",14239,1,5,1,"DL","SEA","DTW",1312,1244,-28,600,559,-1
"194",14250,1,5,1,"DL","SEA","SLC",855,834,-21,600,554,-6
"195",14332,1,5,1,"DL","SEA","ATL",1357,1324,-33,620,620,0
"196",14467,1,5,1,"AA","SEA","DFW",1250,1238,-12,700,657,-3
"197",14530,1,5,1,"DL","SEA","MSP",1226,1201,-25,707,706,-1
"198",14550,1,5,1,"DL","SEA","JFK",1523,1452,-31,712,710,-2
"199",14556,1,5,1,"AA","SEA","JFK",1530,1453,-37,715,713,-2
"200",14624,1,5,1,"DL","SEA","SLC",1025,1008,-17,725,723,-2
"201",14783,1,5,1,"DL","SEA","HNL",1222,1223,1,805,806,1
"202",14964,1,5,1,"AA","SEA","ORD",1445,1636,111,850,1054,124
"203",15027,1,5,1,"AA","SEA","DFW",1455,1521,26,905,953,48
"204",15031,1,5,1,"DL","SEA","MSP",1421,1359,-22,905,904,-1
"205",15040,1,5,1,"DL","SEA","ATL",1650,1618,-32,909,905,-4
"206",15155,1,5,1,"DL","SEA","DTW",1654,1636,-18,942,942,0
"207",15271,1,5,1,"DL","SEA","SLC",1305,1305,0,1013,1022,9
"208",15422,1,5,1,"AA","SEA","DFW",1645,1649,4,1100,1103,3
"209",15495,1,5,1,"DL","SEA","JFK",1920,1923,3,1115,1124,9
"210",15610,1,5,1,"DL","SEA","ANC",1423,1442,19,1145,1207,22
"211",15629,1,5,1,"AA","SEA","ORD",1750,1806,16,1150,1216,26
"212",15770,1,5,1,"DL","SEA","ATL",2001,1959,-2,1220,1246,26
"213",15823,1,5,1,"DL","SEA","LAX",1505,1519,14,1233,1232,-1
"214",15918,1,5,1,"DL","SEA","MSP",1821,1754,-27,1300,1303,3
"215",15988,1,5,1,"DL","SEA","SLC",1614,1638,24,1320,1349,29
"216",16108,1,5,1,"DL","SEA","DTW",2049,2105,16,1350,1413,23
"217",16142,1,5,1,"DL","SEA","OGG",1802,1834,32,1359,1412,13
"218",16155,1,5,1,"AA","SEA","DFW",1950,1936,-14,1400,1403,3
"219",16255,1,5,1,"DL","SEA","ATL",2206,2152,-14,1427,1449,22
"220",16281,1,5,1,"AA","SEA","ORD",2025,2216,111,1435,1555,80
"221",16396,1,5,1,"DL","SEA","ANC",1735,1753,18,1500,1520,20
"222",16561,1,5,1,"AA","SEA","DFW",2130,2201,31,1545,1628,43
"223",16565,1,5,1,"DL","SEA","MSP",2058,2032,-26,1545,1541,-4
"224",16701,1,5,1,"DL","SEA","SLC",1915,1936,21,1622,1651,29
"225",17140,1,5,1,"DL","SEA","SLC",2058,2116,18,1805,1835,30
"226",17210,1,5,1,"DL","SEA","HNL",2243,2238,-5,1830,1829,-1
"227",17658,1,5,1,"DL","SEA","ANC",2337,2326,-11,2057,2052,-5
"228",17822,1,5,1,"DL","SEA","JFK",644,651,7,2240,2318,38
"229",17838,1,5,1,"DL","SEA","DTW",605,553,-12,2255,2309,14
"230",17848,1,5,1,"AA","SEA","MIA",739,833,54,2305,12,67
"231",17849,1,5,1,"DL","SEA","ATL",642,632,-10,2305,2331,26
"232",17866,1,5,1,"AA","SEA","DFW",530,555,25,2350,34,44
"233",17878,1,6,2,"DL","SEA","MSP",606,541,-25,55,47,-8
"234",17934,1,6,2,"AA","SEA","DFW",1150,1129,-21,559,551,-8
"235",17973,1,6,2,"DL","SEA","DTW",1312,1240,-32,600,559,-1
"236",17998,1,6,2,"DL","SEA","SLC",859,849,-10,600,600,0
"237",18059,1,6,2,"DL","SEA","ATL",1357,1321,-36,620,614,-6
"238",18187,1,6,2,"AA","SEA","JFK",1517,1445,-32,700,652,-8
"239",18194,1,6,2,"AA","SEA","DFW",1249,1227,-22,700,654,-6
"240",18259,1,6,2,"DL","SEA","MSP",1226,1200,-26,707,709,2
"241",18274,1,6,2,"DL","SEA","JFK",1522,1623,61,712,712,0
"242",18334,1,6,2,"DL","SEA","SLC",1025,1003,-22,725,716,-9
"243",18496,1,6,2,"DL","SEA","HNL",1222,1532,190,805,1113,188
"244",18672,1,6,2,"AA","SEA","DFW",1435,1413,-22,848,843,-5
"245",18685,1,6,2,"AA","SEA","ORD",1447,1440,-7,851,846,-5
"246",18743,1,6,2,"DL","SEA","MSP",1421,1356,-25,905,901,-4
"247",18752,1,6,2,"DL","SEA","ATL",1650,1621,-29,909,905,-4
"248",18996,1,6,2,"DL","SEA","SLC",1316,1317,1,1023,1035,12
"249",19183,1,6,2,"DL","SEA","JFK",1920,2040,80,1115,1120,5
"250",19219,1,6,2,"AA","SEA","DFW",1711,1751,40,1128,1154,26
"251",19295,1,6,2,"DL","SEA","ANC",1423,1529,66,1145,1305,80
"252",19309,1,6,2,"AA","SEA","ORD",1750,1933,103,1150,1400,130
"253",19435,1,6,2,"DL","SEA","ATL",2001,1940,-21,1220,1228,8
"254",19486,1,6,2,"DL","SEA","LAX",1505,1514,9,1233,1234,1
"255",19574,1,6,2,"DL","SEA","MSP",1821,1757,-24,1300,1258,-2
"256",19637,1,6,2,"DL","SEA","SLC",1614,1703,49,1320,1419,59
"257",19758,1,6,2,"DL","SEA","DTW",2049,2058,9,1350,1420,30
"258",19792,1,6,2,"DL","SEA","OGG",1802,1815,13,1359,1406,7
"259",19828,1,6,2,"AA","SEA","DFW",1950,1934,-16,1406,1357,-9
"260",19887,1,6,2,"DL","SEA","ATL",2206,2132,-34,1427,1430,3
"261",19921,1,6,2,"AA","SEA","ORD",2030,2002,-28,1437,1435,-2
"262",20016,1,6,2,"DL","SEA","ANC",1735,1850,75,1500,1634,94
"263",20173,1,6,2,"DL","SEA","MSP",2058,2104,6,1545,1617,32
"264",20188,1,6,2,"AA","SEA","DFW",2130,2118,-12,1551,1547,-4
"265",20485,1,6,2,"DL","SEA","SLC",2009,2001,-8,1715,1716,1
"266",20759,1,6,2,"DL","SEA","HNL",2243,2237,-6,1830,1844,14
"267",21292,1,6,2,"DL","SEA","JFK",644,713,29,2240,2256,16
"268",21301,1,6,2,"DL","SEA","DTW",605,609,4,2255,2316,21
"269",21305,1,6,2,"DL","SEA","ATL",642,619,-23,2305,2312,7
"270",21318,1,6,2,"AA","SEA","DFW",527,542,15,2350,16,26
"271",21320,1,6,2,"AA","SEA","MIA",826,808,-18,2355,2348,-7
"272",21322,1,6,2,"DL","SEA","DTW",707,648,-19,2355,2353,-2
"273",21329,1,7,3,"DL","SEA","MSP",606,546,-20,55,58,3
"274",21385,1,7,3,"AA","SEA","DFW",1150,1135,-15,559,553,-6
"275",21424,1,7,3,"DL","SEA","SLC",859,846,-13,600,552,-8
"276",21462,1,7,3,"DL","SEA","DTW",1312,1258,-14,600,556,-4
"277",21518,1,7,3,"DL","SEA","ATL",1357,1344,-13,620,640,20
"278",21635,1,7,3,"AA","SEA","JFK",1517,1448,-29,700,653,-7
"279",21642,1,7,3,"AA","SEA","DFW",1249,1234,-15,700,654,-6
"280",21707,1,7,3,"DL","SEA","MSP",1226,1214,-12,707,710,3
"281",21719,1,7,3,"DL","SEA","JFK",1522,1545,23,712,740,28
"282",21773,1,7,3,"DL","SEA","SLC",1025,1019,-6,725,722,-3
"283",21938,1,7,3,"DL","SEA","HNL",1222,1209,-13,805,808,3
"284",22116,1,7,3,"AA","SEA","DFW",1435,1429,-6,848,850,2
"285",22130,1,7,3,"AA","SEA","ORD",1447,1545,58,851,1005,74
"286",22190,1,7,3,"DL","SEA","MSP",1421,1403,-18,905,911,6
"287",22196,1,7,3,"DL","SEA","ATL",1650,1611,-39,909,910,1
"288",22307,1,7,3,"DL","SEA","DTW",1654,1639,-15,942,945,3
"289",22442,1,7,3,"DL","SEA","SLC",1316,1325,9,1023,1028,5
"290",22630,1,7,3,"DL","SEA","JFK",1920,1907,-13,1115,1115,0
"291",22670,1,7,3,"AA","SEA","DFW",1711,1710,-1,1128,1129,1
"292",22744,1,7,3,"DL","SEA","ANC",1423,1812,229,1145,1542,237
"293",22891,1,7,3,"DL","SEA","ATL",2001,1952,-9,1220,1232,12
"294",22952,1,7,3,"DL","SEA","LAX",1510,1517,7,1238,1235,-3
"295",23030,1,7,3,"DL","SEA","MSP",1821,1758,-23,1300,1257,-3
"296",23099,1,7,3,"DL","SEA","SLC",1614,1708,54,1320,1429,69
"297",23219,1,7,3,"DL","SEA","DTW",2049,2059,10,1350,1407,17
"298",23251,1,7,3,"DL","SEA","OGG",1802,2107,185,1359,1716,197
"299",23291,1,7,3,"AA","SEA","DFW",1950,2017,27,1406,1443,37
"300",23352,1,7,3,"DL","SEA","ATL",2206,2143,-23,1427,1436,9
"301",23384,1,7,3,"AA","SEA","ORD",2030,2030,0,1437,1452,15
"302",23476,1,7,3,"DL","SEA","ANC",1735,1801,26,1500,1519,19
"303",23641,1,7,3,"DL","SEA","MSP",2058,2054,-4,1545,1601,16
"304",23656,1,7,3,"AA","SEA","DFW",2130,2140,10,1551,1610,19
"305",23964,1,7,3,"DL","SEA","SLC",2009,2000,-9,1715,1712,-3
"306",24253,1,7,3,"DL","SEA","HNL",2243,2227,-16,1830,1827,-3
"307",24812,1,7,3,"DL","SEA","JFK",644,718,34,2240,2330,50
"308",24822,1,7,3,"DL","SEA","DTW",604,548,-16,2255,2302,7
"309",24834,1,7,3,"DL","SEA","ATL",642,607,-35,2305,2312,7
"310",24846,1,7,3,"AA","SEA","DFW",527,524,-3,2350,2355,5
"311",24848,1,7,3,"AA","SEA","MIA",826,817,-9,2355,2400,5
"312",24857,1,8,4,"DL","SEA","MSP",606,541,-25,55,52,-3
"313",24913,1,8,4,"AA","SEA","DFW",1150,1127,-23,559,557,-2
"314",24959,1,8,4,"DL","SEA","SLC",859,946,47,600,558,-2
"315",24984,1,8,4,"DL","SEA","DTW",1312,1251,-21,600,556,-4
"316",25047,1,8,4,"DL","SEA","ATL",1357,1406,9,620,618,-2
"317",25167,1,8,4,"AA","SEA","JFK",1517,1446,-31,700,652,-8
"318",25174,1,8,4,"AA","SEA","DFW",1249,1248,-1,700,704,4
"319",25240,1,8,4,"DL","SEA","MSP",1226,1220,-6,707,706,-1
"320",25256,1,8,4,"DL","SEA","JFK",1522,1504,-18,712,712,0
"321",25310,1,8,4,"DL","SEA","SLC",1025,1033,8,725,722,-3
"322",25475,1,8,4,"DL","SEA","HNL",1222,1248,26,805,854,49
"323",25655,1,8,4,"AA","SEA","DFW",1435,1442,7,848,900,12
"324",25670,1,8,4,"AA","SEA","ORD",1447,1836,229,851,1242,231
"325",25735,1,8,4,"DL","SEA","MSP",1421,1453,32,905,904,-1
"326",25740,1,8,4,"DL","SEA","ATL",1650,1638,-12,909,922,13
"327",25849,1,8,4,"DL","SEA","DTW",1654,1641,-13,942,945,3
"328",25992,1,8,4,"DL","SEA","SLC",1316,1315,-1,1023,1022,-1
"329",26189,1,8,4,"DL","SEA","JFK",1920,1955,35,1115,1131,16
"330",26220,1,8,4,"AA","SEA","DFW",1711,1707,-4,1128,1125,-3
"331",26293,1,8,4,"DL","SEA","ANC",1423,1423,0,1145,1201,16
"332",26312,1,8,4,"AA","SEA","ORD",1750,1859,69,1150,1256,66
"333",26458,1,8,4,"DL","SEA","ATL",2001,1939,-22,1220,1218,-2
"334",26506,1,8,4,"DL","SEA","LAX",1505,1536,31,1233,1231,-2
"335",26601,1,8,4,"DL","SEA","MSP",1821,1807,-14,1300,1302,2
"336",26664,1,8,4,"DL","SEA","SLC",1614,1835,141,1320,1542,142
"337",26783,1,8,4,"DL","SEA","DTW",2049,2142,53,1350,1449,59
"338",26819,1,8,4,"DL","SEA","OGG",1802,1835,33,1359,1432,33
"339",26865,1,8,4,"AA","SEA","DFW",1950,2000,10,1406,1406,0
"340",26928,1,8,4,"DL","SEA","ATL",2206,2209,3,1427,1506,39
"341",26964,1,8,4,"AA","SEA","ORD",2030,2220,110,1437,1503,26
"342",27063,1,8,4,"DL","SEA","ANC",1735,1723,-12,1500,1517,17
"343",27235,1,8,4,"DL","SEA","MSP",2058,2118,20,1545,1623,38
"344",27251,1,8,4,"AA","SEA","DFW",2130,2400,150,1551,1833,162
"345",27364,1,8,4,"DL","SEA","SLC",1915,1929,14,1622,1626,4
"346",27781,1,8,4,"DL","SEA","SLC",2058,2101,3,1805,1813,8
"347",27858,1,8,4,"DL","SEA","HNL",2243,2304,21,1830,1838,8
"348",28311,1,8,4,"DL","SEA","ANC",2337,2311,-26,2057,2102,5
"349",28467,1,8,4,"DL","SEA","JFK",644,624,-20,2240,2244,4
"350",28481,1,8,4,"DL","SEA","DTW",605,603,-2,2255,2316,21
"351",28491,1,8,4,"DL","SEA","ATL",642,625,-17,2305,2321,16
"352",28507,1,8,4,"AA","SEA","DFW",527,537,10,2350,11,21
"353",28509,1,8,4,"AA","SEA","MIA",826,827,1,2355,2352,-3
"354",28519,1,9,5,"DL","SEA","MSP",606,559,-7,55,58,3
"355",28576,1,9,5,"AA","SEA","DFW",1150,1159,9,559,558,-1
"356",28615,1,9,5,"DL","SEA","DTW",1312,1320,8,600,601,1
"357",28627,1,9,5,"DL","SEA","SLC",855,901,6,600,556,-4
"358",28705,1,9,5,"DL","SEA","ATL",1357,1337,-20,620,615,-5
"359",28829,1,9,5,"AA","SEA","JFK",1517,1525,8,700,702,2
"360",28836,1,9,5,"AA","SEA","DFW",1249,1240,-9,700,656,-4
"361",28919,1,9,5,"DL","SEA","JFK",1522,1516,-6,712,712,0
"362",28982,1,9,5,"DL","SEA","SLC",1025,1031,6,725,725,0
"363",29139,1,9,5,"DL","SEA","HNL",1222,1204,-18,805,804,-1
"364",29325,1,9,5,"AA","SEA","DFW",1435,1611,96,848,1030,102
"365",29339,1,9,5,"AA","SEA","ORD",1447,1446,-1,851,849,-2
"366",29400,1,9,5,"DL","SEA","MSP",1421,1421,0,905,857,-8
"367",29407,1,9,5,"DL","SEA","ATL",1650,1634,-16,909,917,8
"368",29517,1,9,5,"DL","SEA","DTW",1654,1643,-11,942,945,3
"369",29655,1,9,5,"DL","SEA","SLC",1316,1318,2,1023,1019,-4
"370",29848,1,9,5,"DL","SEA","JFK",1920,1937,17,1115,1133,18
"371",29883,1,9,5,"AA","SEA","DFW",1711,1703,-8,1128,1128,0
"372",29967,1,9,5,"DL","SEA","ANC",1423,1422,-1,1145,1209,24
"373",29978,1,9,5,"AA","SEA","ORD",1750,1834,44,1150,1249,59
"374",30126,1,9,5,"DL","SEA","ATL",2001,2000,-1,1220,1242,22
"375",30174,1,9,5,"DL","SEA","LAX",1505,1509,4,1233,1229,-4
"376",30257,1,9,5,"DL","SEA","MSP",1821,1813,-8,1300,1255,-5
"377",30325,1,9,5,"DL","SEA","SLC",1614,1823,129,1320,1542,142
"378",30447,1,9,5,"DL","SEA","DTW",2049,2049,0,1350,1357,7
"379",30479,1,9,5,"DL","SEA","OGG",1802,1754,-8,1359,1356,-3
"380",30524,1,9,5,"AA","SEA","DFW",1950,1942,-8,1406,1400,-6
"381",30588,1,9,5,"DL","SEA","ATL",2206,2139,-27,1427,1426,-1
"382",30624,1,9,5,"AA","SEA","ORD",2030,2121,51,1437,1547,70
"383",30728,1,9,5,"DL","SEA","ANC",1735,1831,56,1500,1609,69
"384",30893,1,9,5,"DL","SEA","MSP",2058,2049,-9,1545,1554,9
"385",30907,1,9,5,"AA","SEA","DFW",2130,2131,1,1551,1550,-1
"386",31021,1,9,5,"DL","SEA","SLC",1915,1911,-4,1622,1626,4
"387",31442,1,9,5,"DL","SEA","SLC",2058,2129,31,1805,1839,34
"388",31519,1,9,5,"DL","SEA","HNL",2243,2225,-18,1830,1830,0
"389",31958,1,9,5,"DL","SEA","ANC",2337,2353,16,2057,2054,-3
"390",32117,1,9,5,"DL","SEA","JFK",644,618,-26,2240,2250,10
"391",32143,1,9,5,"DL","SEA","ATL",642,631,-11,2305,2324,19
"392",32157,1,9,5,"AA","SEA","DFW",527,516,-11,2350,2344,-6
"393",32160,1,9,5,"AA","SEA","MIA",826,821,-5,2355,2352,-3
"394",32162,1,9,5,"DL","SEA","DTW",711,643,-28,2359,2357,-2
"395",32171,1,10,6,"DL","SEA","MSP",605,547,-18,55,54,-1
"396",32214,1,10,6,"AA","SEA","DFW",1150,1156,6,559,603,4
"397",32269,1,10,6,"DL","SEA","SLC",858,848,-10,600,555,-5
"398",32352,1,10,6,"DL","SEA","LAX",907,904,-3,630,625,-5
"399",32426,1,10,6,"AA","SEA","JFK",1517,1506,-11,700,700,0
"400",32433,1,10,6,"AA","SEA","DFW",1249,1245,-4,700,656,-4
"401",32454,1,10,6,"DL","SEA","DTW",1415,1353,-22,700,654,-6
"402",32494,1,10,6,"DL","SEA","MSP",1225,1204,-21,707,709,2
"403",32506,1,10,6,"DL","SEA","JFK",1521,1503,-18,712,712,0
"404",32549,1,10,6,"DL","SEA","SLC",1023,1029,6,725,718,-7
"405",32684,1,10,6,"DL","SEA","HNL",1219,1235,16,805,850,45
"406",32847,1,10,6,"AA","SEA","DFW",1435,1425,-10,848,841,-7
"407",32924,1,10,6,"DL","SEA","ATL",1650,1622,-28,909,903,-6
"408",33017,1,10,6,"DL","SEA","MSP",1455,1438,-17,942,950,8
"409",33312,1,10,6,"AA","SEA","DFW",1711,1724,13,1128,1121,-7
"410",33367,1,10,6,"DL","SEA","DTW",1850,1824,-26,1140,1139,-1
"411",33378,1,10,6,"DL","SEA","ANC",1423,1425,2,1145,1204,19
"412",33391,1,10,6,"AA","SEA","ORD",1750,1728,-22,1150,1149,-1
"413",33498,1,10,6,"DL","SEA","ATL",2001,1941,-20,1220,1218,-2
"414",33553,1,10,6,"DL","SEA","LAX",1505,1515,10,1234,1231,-3
"415",33679,1,10,6,"DL","SEA","SLC",1609,1613,4,1315,1315,0
"416",33697,1,10,6,"DL","SEA","JFK",2128,2301,93,1320,1511,111
"417",33761,1,10,6,"DL","SEA","MSP",1858,1837,-21,1340,1339,-1
"418",33822,1,10,6,"DL","SEA","OGG",1802,1741,-21,1359,1358,-1
"419",33857,1,10,6,"AA","SEA","DFW",1950,2007,17,1406,1407,1
"420",33900,1,10,6,"DL","SEA","ATL",2204,2154,-10,1425,1432,7
"421",33929,1,10,6,"AA","SEA","ORD",2030,2012,-18,1437,1434,-3
"422",34149,1,10,6,"AA","SEA","DFW",2130,2135,5,1551,1547,-4
"423",34248,1,10,6,"DL","SEA","SLC",1917,1915,-2,1625,1625,0
"424",34535,1,10,6,"DL","SEA","ANC",2048,2155,67,1810,1928,78
"425",34570,1,10,6,"DL","SEA","HNL",2242,2221,-21,1830,1832,2
"426",34690,1,10,6,"DL","SEA","LAX",2151,2229,38,1921,1920,-1
"427",35014,1,10,6,"DL","SEA","ATL",641,636,-5,2305,2305,0
"428",35025,1,10,6,"AA","SEA","DFW",527,523,-4,2350,2347,-3
"429",35029,1,10,6,"AA","SEA","MIA",826,839,13,2355,2352,-3
"430",35031,1,10,6,"DL","SEA","DTW",711,654,-17,2359,2359,0
"431",35039,1,11,7,"DL","SEA","MSP",606,541,-25,55,49,-6
"432",35075,1,11,7,"AA","SEA","DFW",1150,1154,4,559,557,-2
"433",35105,1,11,7,"DL","SEA","DTW",1312,1257,-15,600,601,1
"434",35113,1,11,7,"DL","SEA","SLC",859,844,-15,600,556,-4
"435",35169,1,11,7,"DL","SEA","ATL",1357,1415,18,620,631,11
"436",35268,1,11,7,"AA","SEA","JFK",1517,1517,0,700,705,5
"437",35275,1,11,7,"AA","SEA","DFW",1249,1244,-5,700,658,-2
"438",35346,1,11,7,"DL","SEA","JFK",1522,1532,10,712,723,11
"439",35394,1,11,7,"DL","SEA","SLC",1025,1034,9,725,722,-3
"440",35536,1,11,7,"DL","SEA","HNL",1222,1225,3,805,814,9
"441",35701,1,11,7,"AA","SEA","DFW",1435,1440,5,848,848,0
"442",35712,1,11,7,"AA","SEA","ORD",1447,1505,18,851,900,9
"443",35768,1,11,7,"DL","SEA","MSP",1421,1409,-12,905,904,-1
"444",35777,1,11,7,"DL","SEA","ATL",1650,1653,3,909,915,6
"445",35883,1,11,7,"DL","SEA","DTW",1654,1642,-12,942,941,-1
"446",36024,1,11,7,"DL","SEA","SLC",1316,1322,6,1023,1031,8
"447",36212,1,11,7,"DL","SEA","JFK",1920,1907,-13,1115,1108,-7
"448",36250,1,11,7,"AA","SEA","DFW",1711,1726,15,1128,1132,4
"449",36333,1,11,7,"DL","SEA","ANC",1423,1413,-10,1145,1153,8
"450",36342,1,11,7,"AA","SEA","ORD",1750,1756,6,1150,1150,0
"451",36482,1,11,7,"DL","SEA","ATL",2001,2016,15,1220,1220,0
"452",36536,1,11,7,"DL","SEA","LAX",1505,1514,9,1233,1231,-2
"453",36631,1,11,7,"DL","SEA","MSP",1821,1804,-17,1300,1259,-1
"454",36691,1,11,7,"DL","SEA","SLC",1614,1742,88,1320,1456,96
"455",36816,1,11,7,"DL","SEA","DTW",2049,2059,10,1350,1351,1
"456",36850,1,11,7,"DL","SEA","OGG",1802,1801,-1,1359,1359,0
"457",36892,1,11,7,"AA","SEA","DFW",1950,1949,-1,1406,1402,-4
"458",36955,1,11,7,"DL","SEA","ATL",2206,2200,-6,1427,1425,-2
"459",36988,1,11,7,"AA","SEA","ORD",2030,2045,15,1437,1435,-2
"460",37090,1,11,7,"DL","SEA","ANC",1735,1721,-14,1500,1459,-1
"461",37257,1,11,7,"DL","SEA","MSP",2058,2124,26,1545,1623,38
"462",37276,1,11,7,"AA","SEA","DFW",2130,2129,-1,1551,1548,-3
"463",37389,1,11,7,"DL","SEA","SLC",1915,1916,1,1622,1619,-3
"464",37816,1,11,7,"DL","SEA","SLC",2058,2122,24,1805,1828,23
"465",37893,1,11,7,"DL","SEA","HNL",2243,2235,-8,1830,1837,7
"466",38337,1,11,7,"DL","SEA","ANC",2337,2327,-10,2057,2056,-1
"467",38495,1,11,7,"DL","SEA","JFK",644,703,19,2240,2244,4
"468",38511,1,11,7,"DL","SEA","DTW",605,623,18,2255,2314,19
"469",38520,1,11,7,"DL","SEA","ATL",642,644,2,2305,2308,3
"470",38536,1,11,7,"AA","SEA","DFW",527,530,3,2350,2358,8
"471",38538,1,11,7,"AA","SEA","MIA",826,909,43,2355,2356,1
"472",38549,1,12,1,"DL","SEA","MSP",606,555,-11,55,50,-5
"473",38606,1,12,1,"AA","SEA","DFW",1150,1142,-8,559,556,-3
"474",38657,1,12,1,"DL","SEA","DTW",1312,1318,6,600,557,-3
"475",38660,1,12,1,"DL","SEA","SLC",859,850,-9,600,557,-3
"476",38736,1,12,1,"DL","SEA","ATL",1357,1354,-3,620,617,-3
"477",38862,1,12,1,"AA","SEA","JFK",1517,1513,-4,700,705,5
"478",38869,1,12,1,"AA","SEA","DFW",1249,1255,6,700,657,-3
"479",38936,1,12,1,"DL","SEA","MSP",1226,1222,-4,707,703,-4
"480",38952,1,12,1,"DL","SEA","JFK",1522,1524,2,712,712,0
"481",39021,1,12,1,"DL","SEA","SLC",1025,1039,14,725,724,-1
"482",39188,1,12,1,"DL","SEA","HNL",1222,1221,-1,805,801,-4
"483",39365,1,12,1,"AA","SEA","DFW",1435,1437,2,848,852,4
"484",39379,1,12,1,"AA","SEA","ORD",1447,1502,15,851,855,4
"485",39441,1,12,1,"DL","SEA","MSP",1421,1418,-3,905,905,0
"486",39449,1,12,1,"DL","SEA","ATL",1650,1645,-5,909,911,2
"487",39567,1,12,1,"DL","SEA","DTW",1654,1659,5,942,938,-4
"488",39710,1,12,1,"DL","SEA","SLC",1315,1314,-1,1023,1020,-3
"489",39910,1,12,1,"DL","SEA","JFK",1920,2006,46,1115,1111,-4
"490",39946,1,12,1,"AA","SEA","DFW",1711,1710,-1,1128,1125,-3
"491",40033,1,12,1,"DL","SEA","ANC",1423,1414,-9,1145,1144,-1
"492",40043,1,12,1,"AA","SEA","ORD",1750,1801,11,1150,1147,-3
"493",40195,1,12,1,"DL","SEA","ATL",2001,1956,-5,1220,1219,-1
"494",40247,1,12,1,"DL","SEA","LAX",1505,1506,1,1233,1234,1
"495",40342,1,12,1,"DL","SEA","MSP",1821,1817,-4,1300,1301,1
"496",40409,1,12,1,"DL","SEA","SLC",1614,1622,8,1320,1337,17
"497",40535,1,12,1,"DL","SEA","DTW",2049,2106,17,1350,1346,-4
"498",40566,1,12,1,"DL","SEA","OGG",1802,1808,6,1359,1403,4
"499",40616,1,12,1,"AA","SEA","DFW",1950,1957,7,1406,1403,-3
"500",40677,1,12,1,"DL","SEA","ATL",2206,2202,-4,1427,1428,1
"501",40712,1,12,1,"AA","SEA","ORD",2030,2045,15,1437,1436,-1
"502",40812,1,12,1,"DL","SEA","ANC",1735,1907,92,1500,1641,101
"503",40982,1,12,1,"DL","SEA","MSP",2058,2150,52,1545,1641,56
"504",41001,1,12,1,"AA","SEA","DFW",2130,2129,-1,1551,1541,-10
"505",41119,1,12,1,"DL","SEA","SLC",1915,1916,1,1622,1620,-2
"506",41491,1,12,1,"DL","SEA","HNL",2210,2157,-13,1751,1745,-6
"507",41550,1,12,1,"DL","SEA","SLC",2058,2111,13,1805,1813,8
"508",42068,1,12,1,"DL","SEA","ANC",2337,2325,-12,2057,2050,-7
"509",42223,1,12,1,"DL","SEA","JFK",644,645,1,2240,2239,-1
"510",42239,1,12,1,"DL","SEA","DTW",605,608,3,2255,2255,0
"511",42248,1,12,1,"DL","SEA","ATL",642,645,3,2305,2311,6
"512",42261,1,12,1,"AA","SEA","DFW",527,550,23,2350,18,28
"513",42263,1,12,1,"AA","SEA","MIA",826,840,14,2355,2354,-1
"514",42273,1,13,2,"DL","SEA","MSP",606,606,0,55,52,-3
"515",42328,1,13,2,"AA","SEA","DFW",1150,1153,3,559,554,-5
"516",42363,1,13,2,"DL","SEA","DTW",1312,1308,-4,600,554,-6
"517",42407,1,13,2,"DL","SEA","SLC",859,902,3,600,556,-4
"518",42455,1,13,2,"DL","SEA","ATL",1357,1356,-1,620,613,-7
"519",42579,1,13,2,"AA","SEA","JFK",1517,1516,-1,700,654,-6
"520",42586,1,13,2,"AA","SEA","DFW",1249,1255,6,700,655,-5
"521",42652,1,13,2,"DL","SEA","MSP",1226,1224,-2,707,709,2
"522",42668,1,13,2,"DL","SEA","JFK",1522,1531,9,712,710,-2
"523",42732,1,13,2,"DL","SEA","SLC",1025,1029,4,725,719,-6
"524",42895,1,13,2,"DL","SEA","HNL",1222,1231,9,805,755,-10
"525",43074,1,13,2,"AA","SEA","DFW",1435,1437,2,848,844,-4
"526",43089,1,13,2,"AA","SEA","ORD",1447,1510,23,851,848,-3
"527",43151,1,13,2,"DL","SEA","MSP",1421,1419,-2,905,907,2
"528",43157,1,13,2,"DL","SEA","ATL",1650,1701,11,909,912,3
"529",43269,1,13,2,"DL","SEA","DTW",1654,1701,7,942,939,-3
"530",43409,1,13,2,"DL","SEA","SLC",1315,1308,-7,1023,1020,-3
"531",43606,1,13,2,"DL","SEA","JFK",1920,2006,46,1115,1147,32
"532",43637,1,13,2,"AA","SEA","DFW",1711,1715,4,1128,1126,-2
"533",43714,1,13,2,"DL","SEA","ANC",1423,1416,-7,1145,1144,-1
"534",43726,1,13,2,"AA","SEA","ORD",1750,1749,-1,1150,1150,0
"535",43864,1,13,2,"DL","SEA","ATL",2001,2005,4,1220,1223,3
"536",43910,1,13,2,"DL","SEA","LAX",1505,1459,-6,1233,1230,-3
"537",43996,1,13,2,"DL","SEA","MSP",1821,1818,-3,1300,1300,0
"538",44064,1,13,2,"DL","SEA","SLC",1614,1635,21,1320,1321,1
"539",44188,1,13,2,"DL","SEA","DTW",2049,2107,18,1350,1405,15
"540",44216,1,13,2,"DL","SEA","OGG",1802,1759,-3,1359,1357,-2
"541",44259,1,13,2,"AA","SEA","DFW",1950,1956,6,1406,1404,-2
"542",44316,1,13,2,"DL","SEA","ATL",2206,2211,5,1427,1424,-3
"543",44349,1,13,2,"AA","SEA","ORD",2030,2021,-9,1437,1435,-2
"544",44435,1,13,2,"DL","SEA","ANC",1735,1727,-8,1500,1500,0
"545",44604,1,13,2,"DL","SEA","MSP",2058,2054,-4,1545,1540,-5
"546",44616,1,13,2,"AA","SEA","DFW",2130,2131,1,1551,1544,-7
"547",44913,1,13,2,"DL","SEA","SLC",2009,1956,-13,1715,1708,-7
"548",45187,1,13,2,"DL","SEA","HNL",2243,2226,-17,1830,1827,-3
"549",45719,1,13,2,"DL","SEA","JFK",644,721,37,2240,2247,7
"550",45727,1,13,2,"DL","SEA","DTW",605,609,4,2255,2304,9
"551",45734,1,13,2,"DL","SEA","ATL",642,628,-14,2305,2302,-3
"552",45744,1,13,2,"AA","SEA","DFW",527,537,10,2350,2346,-4
"553",45746,1,13,2,"AA","SEA","MIA",826,855,29,2355,2349,-6
"554",45755,1,14,3,"DL","SEA","MSP",606,559,-7,55,54,-1
"555",45811,1,14,3,"AA","SEA","DFW",1150,1159,9,559,554,-5
"556",45866,1,14,3,"DL","SEA","DTW",1312,1258,-14,600,555,-5
"557",45879,1,14,3,"DL","SEA","SLC",859,848,-11,600,558,-2
"558",45940,1,14,3,"DL","SEA","ATL",1357,1354,-3,620,619,-1
"559",46062,1,14,3,"AA","SEA","JFK",1517,1519,2,700,657,-3
"560",46069,1,14,3,"AA","SEA","DFW",1249,1252,3,700,657,-3
"561",46135,1,14,3,"DL","SEA","MSP",1226,1219,-7,707,706,-1
"562",46148,1,14,3,"DL","SEA","JFK",1522,1535,13,712,709,-3
"563",46216,1,14,3,"DL","SEA","SLC",1025,1025,0,725,726,1
"564",46548,1,14,3,"AA","SEA","DFW",1435,1438,3,848,852,4
"565",46562,1,14,3,"AA","SEA","ORD",1447,1447,0,851,846,-5
"566",46620,1,14,3,"DL","SEA","MSP",1421,1418,-3,905,901,-4
"567",46626,1,14,3,"DL","SEA","ATL",1650,1652,2,909,915,6
"568",46743,1,14,3,"DL","SEA","DTW",1654,1651,-3,942,938,-4
"569",46882,1,14,3,"DL","SEA","SLC",1315,1328,13,1023,1027,4
"570",47072,1,14,3,"DL","SEA","JFK",1920,2005,45,1115,1132,17
"571",47111,1,14,3,"AA","SEA","DFW",1711,1704,-7,1128,1125,-3
"572",47194,1,14,3,"DL","SEA","ANC",1423,1400,-23,1145,1142,-3
"573",47341,1,14,3,"DL","SEA","ATL",2001,2032,31,1220,1254,34
"574",47395,1,14,3,"DL","SEA","LAX",1505,1510,5,1233,1231,-2
"575",47480,1,14,3,"DL","SEA","MSP",1821,1809,-12,1300,1256,-4
"576",47552,1,14,3,"DL","SEA","SLC",1614,1614,0,1320,1316,-4
"577",47676,1,14,3,"DL","SEA","DTW",2049,2053,4,1350,1350,0
"578",47707,1,14,3,"DL","SEA","OGG",1802,1809,7,1359,1355,-4
"579",47747,1,14,3,"AA","SEA","DFW",1950,1959,9,1406,1406,0
"580",47806,1,14,3,"DL","SEA","ATL",2206,2210,4,1427,1444,17
"581",47839,1,14,3,"AA","SEA","ORD",2030,2023,-7,1437,1431,-6
"582",47929,1,14,3,"DL","SEA","ANC",1735,1717,-18,1500,1457,-3
"583",48094,1,14,3,"DL","SEA","MSP",2058,2047,-11,1545,1543,-2
"584",48113,1,14,3,"AA","SEA","DFW",2130,2145,15,1551,1610,19
"585",48429,1,14,3,"DL","SEA","SLC",2009,2017,8,1715,1710,-5
"586",48714,1,14,3,"DL","SEA","HNL",2243,2249,6,1830,1829,-1
"587",49271,1,14,3,"DL","SEA","JFK",644,636,-8,2240,2241,1
"588",49281,1,14,3,"DL","SEA","DTW",604,633,29,2255,2250,-5
"589",49291,1,14,3,"DL","SEA","ATL",642,639,-3,2305,2301,-4
"590",49304,1,14,3,"AA","SEA","DFW",527,531,4,2350,2350,0
"591",49306,1,14,3,"AA","SEA","MIA",826,828,2,2355,2351,-4
"592",49315,1,15,4,"DL","SEA","MSP",606,556,-10,55,55,0
"593",49371,1,15,4,"AA","SEA","DFW",1150,1135,-15,559,551,-8
"594",49402,1,15,4,"DL","SEA","SLC",859,858,-1,600,555,-5
"595",49418,1,15,4,"DL","SEA","DTW",1312,1258,-14,600,556,-4
"596",49503,1,15,4,"DL","SEA","ATL",1357,1404,7,620,631,11
"597",49627,1,15,4,"AA","SEA","JFK",1517,1524,7,700,659,-1
"598",49634,1,15,4,"AA","SEA","DFW",1249,1247,-2,700,655,-5
"599",49702,1,15,4,"DL","SEA","MSP",1226,1217,-9,707,700,-7
"600",49717,1,15,4,"DL","SEA","JFK",1522,1527,5,712,720,8
"601",49783,1,15,4,"DL","SEA","SLC",1025,1024,-1,725,722,-3
"602",49953,1,15,4,"DL","SEA","HNL",1222,1256,34,805,805,0
"603",50126,1,15,4,"AA","SEA","DFW",1435,1437,2,848,900,12
"604",50142,1,15,4,"AA","SEA","ORD",1447,1437,-10,851,851,0
"605",50202,1,15,4,"DL","SEA","MSP",1421,1408,-13,905,905,0
"606",50209,1,15,4,"DL","SEA","ATL",1650,1654,4,909,911,2
"607",50327,1,15,4,"DL","SEA","DTW",1654,1637,-17,942,942,0
"608",50472,1,15,4,"DL","SEA","SLC",1315,1318,3,1023,1017,-6
"609",50672,1,15,4,"DL","SEA","JFK",1920,2027,67,1115,1152,37
"610",50710,1,15,4,"AA","SEA","DFW",1711,1716,5,1128,1133,5
"611",50795,1,15,4,"DL","SEA","ANC",1423,1354,-29,1145,1142,-3
"612",50807,1,15,4,"AA","SEA","ORD",1750,1750,0,1150,1154,4
"613",50957,1,15,4,"DL","SEA","ATL",2001,1956,-5,1220,1224,4
"614",51011,1,15,4,"DL","SEA","LAX",1505,1500,-5,1233,1230,-3
"615",51109,1,15,4,"DL","SEA","MSP",1821,1804,-17,1300,1257,-3
"616",51174,1,15,4,"DL","SEA","SLC",1614,1628,14,1320,1345,25
"617",51297,1,15,4,"DL","SEA","DTW",2049,2133,44,1350,1436,46
"618",51333,1,15,4,"DL","SEA","OGG",1802,1829,27,1359,1355,-4
"619",51380,1,15,4,"AA","SEA","DFW",1950,2018,28,1406,1422,16
"620",51441,1,15,4,"DL","SEA","ATL",2206,2211,5,1427,1429,2
"621",51477,1,15,4,"AA","SEA","ORD",2030,2024,-6,1437,1440,3
"622",51573,1,15,4,"DL","SEA","ANC",1735,1714,-21,1500,1452,-8
"623",51749,1,15,4,"DL","SEA","MSP",2058,2107,9,1545,1556,11
"624",51769,1,15,4,"AA","SEA","DFW",2130,2123,-7,1551,1547,-4
"625",51886,1,15,4,"DL","SEA","SLC",1915,1923,8,1622,1621,-1
"626",52319,1,15,4,"DL","SEA","SLC",2058,2115,17,1805,1822,17
"627",52395,1,15,4,"DL","SEA","HNL",2243,2311,28,1830,1824,-6
"628",52843,1,15,4,"DL","SEA","ANC",2337,2317,-20,2057,2054,-3
"629",52998,1,15,4,"DL","SEA","JFK",644,633,-11,2240,2244,4
"630",53013,1,15,4,"DL","SEA","DTW",605,609,4,2255,2306,11
"631",53024,1,15,4,"DL","SEA","ATL",642,638,-4,2305,2313,8
"632",53038,1,15,4,"AA","SEA","DFW",527,546,19,2350,15,25
"633",53040,1,15,4,"AA","SEA","MIA",826,854,28,2355,12,17
"634",53050,1,16,5,"DL","SEA","MSP",606,600,-6,55,54,-1
"635",53107,1,16,5,"AA","SEA","DFW",1150,1140,-10,559,558,-1
"636",53143,1,16,5,"DL","SEA","SLC",859,854,-5,600,557,-3
"637",53162,1,16,5,"DL","SEA","DTW",1312,1301,-11,600,559,-1
"638",53238,1,16,5,"DL","SEA","ATL",1357,1349,-8,620,618,-2
"639",53361,1,16,5,"AA","SEA","JFK",1517,1510,-7,700,659,-1
"640",53368,1,16,5,"AA","SEA","DFW",1249,1235,-14,700,659,-1
"641",53436,1,16,5,"DL","SEA","MSP",1226,1222,-4,707,704,-3
"642",53452,1,16,5,"DL","SEA","JFK",1522,1529,7,712,712,0
"643",53520,1,16,5,"DL","SEA","SLC",1025,1015,-10,725,718,-7
"644",53683,1,16,5,"DL","SEA","HNL",1222,1238,16,805,803,-2
"645",53866,1,16,5,"AA","SEA","DFW",1435,1425,-10,848,844,-4
"646",53882,1,16,5,"AA","SEA","ORD",1447,1451,4,851,857,6
"647",53942,1,16,5,"DL","SEA","MSP",1421,1406,-15,905,905,0
"648",53949,1,16,5,"DL","SEA","ATL",1650,1649,-1,909,909,0
"649",54064,1,16,5,"DL","SEA","DTW",1654,1647,-7,942,941,-1
"650",54209,1,16,5,"DL","SEA","SLC",1315,1314,-1,1023,1018,-5
"651",54409,1,16,5,"DL","SEA","JFK",1920,1921,1,1115,1115,0
"652",54446,1,16,5,"AA","SEA","DFW",1711,1704,-7,1128,1127,-1
"653",54532,1,16,5,"DL","SEA","ANC",1423,1412,-11,1145,1142,-3
"654",54543,1,16,5,"AA","SEA","ORD",1750,1741,-9,1150,1150,0
"655",54693,1,16,5,"DL","SEA","ATL",2001,2003,2,1220,1221,1
"656",54746,1,16,5,"DL","SEA","LAX",1505,1457,-8,1233,1227,-6
"657",54848,1,16,5,"DL","SEA","MSP",1821,1909,48,1300,1300,0
"658",54908,1,16,5,"DL","SEA","SLC",1614,1626,12,1320,1327,7
"659",55033,1,16,5,"DL","SEA","DTW",2049,2116,27,1350,1404,14
"660",55064,1,16,5,"DL","SEA","OGG",1802,1846,44,1359,1355,-4
"661",55114,1,16,5,"AA","SEA","DFW",1950,1959,9,1406,1405,-1
"662",55176,1,16,5,"DL","SEA","ATL",2206,2200,-6,1427,1431,4
"663",55211,1,16,5,"AA","SEA","ORD",2030,2021,-9,1437,1436,-1
"664",55306,1,16,5,"DL","SEA","ANC",1735,1720,-15,1500,1453,-7
"665",55482,1,16,5,"DL","SEA","MSP",2058,2110,12,1545,1603,18
"666",55502,1,16,5,"AA","SEA","DFW",2130,2132,2,1551,1550,-1
"667",55620,1,16,5,"DL","SEA","SLC",1915,1910,-5,1622,1623,1
"668",56054,1,16,5,"DL","SEA","SLC",2058,2049,-9,1805,1805,0
"669",56130,1,16,5,"DL","SEA","HNL",2243,2331,48,1830,1834,4
"670",56574,1,16,5,"DL","SEA","ANC",2337,2321,-16,2057,2052,-5
"671",56733,1,16,5,"DL","SEA","JFK",644,636,-8,2240,2238,-2
"672",56759,1,16,5,"DL","SEA","ATL",642,635,-7,2305,2320,15
"673",56773,1,16,5,"AA","SEA","DFW",527,509,-18,2350,2352,2
"674",56776,1,16,5,"AA","SEA","MIA",826,822,-4,2355,2353,-2
"675",56778,1,16,5,"DL","SEA","DTW",711,649,-22,2359,2357,-2
"676",56786,1,17,6,"DL","SEA","MSP",605,539,-26,55,56,1
"677",56829,1,17,6,"AA","SEA","DFW",1150,1134,-16,559,554,-5
"678",56873,1,17,6,"DL","SEA","SLC",858,845,-13,600,600,0
"679",57034,1,17,6,"AA","SEA","JFK",1517,1503,-14,700,653,-7
"680",57041,1,17,6,"AA","SEA","DFW",1249,1225,-24,700,655,-5
"681",57064,1,17,6,"DL","SEA","DTW",1415,1400,-15,700,652,-8
"682",57097,1,17,6,"DL","SEA","MSP",1225,1210,-15,707,707,0
"683",57111,1,17,6,"DL","SEA","JFK",1521,1525,4,712,714,2
"684",57164,1,17,6,"DL","SEA","SLC",1023,1012,-11,725,725,0
"685",57285,1,17,6,"DL","SEA","HNL",1219,1313,54,805,811,6
"686",57445,1,17,6,"AA","SEA","DFW",1435,1408,-27,848,841,-7
"687",57521,1,17,6,"DL","SEA","ATL",1650,1618,-32,909,907,-2
"688",57591,1,17,6,"DL","SEA","MSP",1448,1438,-10,935,935,0
"689",57879,1,17,6,"DL","SEA","JFK",1920,1911,-9,1115,1113,-2
"690",57911,1,17,6,"AA","SEA","DFW",1711,1657,-14,1128,1123,-5
"691",57965,1,17,6,"DL","SEA","DTW",1850,1852,2,1140,1141,1
"692",57978,1,17,6,"DL","SEA","ANC",1423,1409,-14,1145,1138,-7
"693",57985,1,17,6,"AA","SEA","ORD",1750,1742,-8,1150,1147,-3
"694",58100,1,17,6,"DL","SEA","ATL",2000,1937,-23,1220,1214,-6
"695",58278,1,17,6,"DL","SEA","SLC",1609,1638,29,1315,1356,41
"696",58351,1,17,6,"DL","SEA","MSP",1858,1834,-24,1340,1343,3
"697",58407,1,17,6,"DL","SEA","OGG",1802,1840,38,1359,1358,-1
"698",58440,1,17,6,"AA","SEA","DFW",1950,2003,13,1406,1413,7
"699",58478,1,17,6,"DL","SEA","ATL",2204,2139,-25,1425,1426,1
"700",58500,1,17,6,"AA","SEA","ORD",2030,2009,-21,1437,1426,-11
"701",58723,1,17,6,"AA","SEA","DFW",2130,2122,-8,1551,1548,-3
"702",58810,1,17,6,"DL","SEA","SLC",1917,1912,-5,1625,1625,0
"703",58865,1,17,6,"DL","SEA","LAX",1910,1904,-6,1640,1632,-8
"704",59086,1,17,6,"DL","SEA","ANC",2048,2020,-28,1810,1805,-5
"705",59121,1,17,6,"DL","SEA","HNL",2242,2257,15,1830,1826,-4
"706",59529,1,17,6,"DL","SEA","ATL",640,633,-7,2305,2319,14
"707",59538,1,17,6,"AA","SEA","DFW",527,511,-16,2350,2346,-4
"708",59542,1,17,6,"AA","SEA","MIA",826,816,-10,2355,2355,0
"709",59544,1,17,6,"DL","SEA","DTW",711,645,-26,2359,2353,-6
"710",59553,1,18,7,"DL","SEA","MSP",606,556,-10,55,103,8
"711",59584,1,18,7,"AA","SEA","DFW",1150,1130,-20,559,556,-3
"712",59621,1,18,7,"DL","SEA","SLC",859,838,-21,600,554,-6
"713",59665,1,18,7,"DL","SEA","ATL",1357,1326,-31,620,620,0
"714",59759,1,18,7,"AA","SEA","JFK",1517,1512,-5,700,651,-9
"715",59766,1,18,7,"AA","SEA","DFW",1249,1242,-7,700,658,-2
"716",59780,1,18,7,"DL","SEA","DTW",1417,1347,-30,700,657,-3
"717",59823,1,18,7,"DL","SEA","MSP",1226,1213,-13,707,706,-1
"718",59832,1,18,7,"DL","SEA","JFK",1523,1528,5,712,702,-10
"719",59877,1,18,7,"DL","SEA","SLC",1025,1010,-15,725,717,-8
"720",60006,1,18,7,"DL","SEA","HNL",1222,1227,5,805,751,-14
"721",60160,1,18,7,"AA","SEA","DFW",1435,1812,217,848,1227,219
"722",60172,1,18,7,"AA","SEA","ORD",1447,1436,-11,851,851,0
"723",60206,1,18,7,"DL","SEA","MSP",1416,1358,-18,900,902,2
"724",60239,1,18,7,"DL","SEA","ATL",1650,1628,-22,909,909,0
"725",60342,1,18,7,"DL","SEA","DTW",1654,1655,1,942,941,-1
"726",60457,1,18,7,"DL","SEA","SLC",1315,1311,-4,1023,1024,1
"727",60670,1,18,7,"AA","SEA","DFW",1711,1711,0,1128,1129,1
"728",60742,1,18,7,"DL","SEA","ANC",1423,1406,-17,1145,1140,-5
"729",60751,1,18,7,"AA","SEA","ORD",1750,1755,5,1150,1151,1
"730",60897,1,18,7,"DL","SEA","ATL",2001,1938,-23,1220,1220,0
"731",61083,1,18,7,"DL","SEA","SLC",1609,1606,-3,1315,1312,-3
"732",61169,1,18,7,"DL","SEA","MSP",1900,1845,-15,1340,1340,0
"733",61218,1,18,7,"DL","SEA","DTW",2049,2043,-6,1350,1343,-7
"734",61244,1,18,7,"DL","SEA","OGG",1802,1810,8,1359,1404,5
"735",61279,1,18,7,"AA","SEA","DFW",1950,1952,2,1406,1401,-5
"736",61329,1,18,7,"DL","SEA","ATL",2206,2151,-15,1427,1424,-3
"737",61355,1,18,7,"AA","SEA","ORD",2030,2006,-24,1437,1432,-5
"738",61435,1,18,7,"DL","SEA","ANC",1735,2035,180,1500,1730,150
"739",61613,1,18,7,"AA","SEA","DFW",2130,2133,3,1551,1556,5
"740",61713,1,18,7,"DL","SEA","SLC",1915,1937,22,1622,1654,32
"741",62029,1,18,7,"DL","SEA","SLC",2048,2040,-8,1755,1752,-3
"742",62122,1,18,7,"DL","SEA","HNL",2243,2224,-19,1830,1827,-3
"743",62545,1,18,7,"DL","SEA","ANC",2337,2317,-20,2057,2056,-1
"744",62677,1,18,7,"DL","SEA","JFK",644,651,7,2240,2240,0
"745",62688,1,18,7,"DL","SEA","DTW",605,603,-2,2255,2317,22
"746",62699,1,18,7,"DL","SEA","ATL",642,619,-23,2305,2305,0
"747",62713,1,18,7,"AA","SEA","DFW",527,526,-1,2350,2355,5
"748",62715,1,18,7,"AA","SEA","MIA",826,825,-1,2355,2358,3
"749",62726,1,19,1,"DL","SEA","MSP",606,547,-19,55,53,-2
"750",62782,1,19,1,"AA","SEA","DFW",1150,1134,-16,559,551,-8
"751",62828,1,19,1,"DL","SEA","DTW",1312,1259,-13,600,555,-5
"752",62841,1,19,1,"DL","SEA","SLC",859,853,-6,600,557,-3
"753",62911,1,19,1,"DL","SEA","ATL",1357,1329,-28,620,618,-2
"754",63034,1,19,1,"AA","SEA","JFK",1517,1510,-7,700,656,-4
"755",63041,1,19,1,"AA","SEA","DFW",1249,1251,2,700,654,-6
"756",63111,1,19,1,"DL","SEA","MSP",1226,1216,-10,707,703,-4
"757",63128,1,19,1,"DL","SEA","JFK",1522,1517,-5,712,708,-4
"758",63195,1,19,1,"DL","SEA","SLC",1025,1020,-5,725,730,5
"759",63357,1,19,1,"DL","SEA","HNL",1222,1214,-8,805,801,-4
"760",63535,1,19,1,"AA","SEA","DFW",1435,1433,-2,848,904,16
"761",63551,1,19,1,"AA","SEA","ORD",1447,1435,-12,851,850,-1
"762",63611,1,19,1,"DL","SEA","MSP",1421,1412,-9,905,908,3
"763",63620,1,19,1,"DL","SEA","ATL",1650,1626,-24,909,906,-3
"764",63741,1,19,1,"DL","SEA","DTW",1654,1651,-3,942,944,2
"765",63883,1,19,1,"DL","SEA","SLC",1315,1308,-7,1023,1018,-5
"766",64090,1,19,1,"DL","SEA","JFK",1920,2053,93,1115,1250,95
"767",64121,1,19,1,"AA","SEA","DFW",1711,1647,-24,1128,1119,-9
"768",64206,1,19,1,"DL","SEA","ANC",1423,1446,23,1145,1141,-4
"769",64218,1,19,1,"AA","SEA","ORD",1750,1739,-11,1150,1144,-6
"770",64373,1,19,1,"DL","SEA","ATL",2001,1948,-13,1220,1228,8
"771",64421,1,19,1,"DL","SEA","LAX",1505,1455,-10,1233,1231,-2
"772",64515,1,19,1,"DL","SEA","MSP",1821,1813,-8,1300,1300,0
"773",64584,1,19,1,"DL","SEA","SLC",1614,1612,-2,1320,1318,-2
"774",64711,1,19,1,"DL","SEA","DTW",2049,2046,-3,1350,1346,-4
"775",64744,1,19,1,"DL","SEA","OGG",1802,1749,-13,1359,1355,-4
"776",64792,1,19,1,"AA","SEA","DFW",1950,1944,-6,1406,1400,-6
"777",64853,1,19,1,"DL","SEA","ATL",2206,2204,-2,1427,1445,18
"778",64888,1,19,1,"AA","SEA","ORD",2030,2035,5,1437,1445,8
"779",64989,1,19,1,"DL","SEA","ANC",1735,1746,11,1500,1507,7
"780",65160,1,19,1,"DL","SEA","MSP",2058,2104,6,1545,1555,10
"781",65178,1,19,1,"AA","SEA","DFW",2130,2121,-9,1551,1554,3
"782",65296,1,19,1,"DL","SEA","SLC",1915,1910,-5,1622,1626,4
"783",65726,1,19,1,"DL","SEA","SLC",2058,2056,-2,1805,1803,-2
"784",65803,1,19,1,"DL","SEA","HNL",2243,2235,-8,1830,1831,1
"785",66245,1,19,1,"DL","SEA","ANC",2337,2334,-3,2057,2103,6
"786",66403,1,19,1,"DL","SEA","JFK",644,634,-10,2240,2239,-1
"787",66418,1,19,1,"DL","SEA","DTW",605,603,-2,2255,2304,9
"788",66427,1,19,1,"DL","SEA","ATL",642,619,-23,2305,2301,-4
"789",66441,1,19,1,"AA","SEA","DFW",527,527,0,2350,2400,10
"790",66443,1,19,1,"AA","SEA","MIA",826,811,-15,2355,2352,-3
"791",66453,1,20,2,"DL","SEA","MSP",606,601,-5,55,53,-2
"792",66508,1,20,2,"AA","SEA","DFW",1150,1142,-8,559,551,-8
"793",66542,1,20,2,"DL","SEA","SLC",859,847,-12,600,559,-1
"794",66580,1,20,2,"DL","SEA","DTW",1312,1321,9,600,609,9
"795",66638,1,20,2,"DL","SEA","ATL",1357,1417,20,620,648,28
"796",66761,1,20,2,"AA","SEA","JFK",1517,1502,-15,700,656,-4
"797",66768,1,20,2,"AA","SEA","DFW",1249,1249,0,700,657,-3
"798",66832,1,20,2,"DL","SEA","MSP",1226,1222,-4,707,714,7
"799",66847,1,20,2,"DL","SEA","JFK",1522,1528,6,712,721,9
"800",66912,1,20,2,"DL","SEA","SLC",1025,1039,14,725,724,-1
"801",67252,1,20,2,"AA","SEA","DFW",1435,1430,-5,848,845,-3
"802",67266,1,20,2,"AA","SEA","ORD",1447,1450,3,851,845,-6
"803",67326,1,20,2,"DL","SEA","MSP",1421,1429,8,905,900,-5
"804",67334,1,20,2,"DL","SEA","ATL",1650,1644,-6,909,912,3
"805",67447,1,20,2,"DL","SEA","DTW",1654,1701,7,942,939,-3
"806",67586,1,20,2,"DL","SEA","SLC",1315,1308,-7,1023,1020,-3
"807",67774,1,20,2,"DL","SEA","JFK",1920,1935,15,1115,1116,1
"808",67811,1,20,2,"AA","SEA","DFW",1711,1656,-15,1128,1129,1
"809",67882,1,20,2,"DL","SEA","ANC",1423,1421,-2,1145,1143,-2
"810",67900,1,20,2,"AA","SEA","ORD",1750,1734,-16,1150,1140,-10
"811",68033,1,20,2,"DL","SEA","ATL",2001,1936,-25,1220,1218,-2
"812",68085,1,20,2,"DL","SEA","LAX",1505,1507,2,1233,1234,1
"813",68169,1,20,2,"DL","SEA","MSP",1821,1755,-26,1300,1257,-3
"814",68238,1,20,2,"DL","SEA","SLC",1614,1607,-7,1320,1319,-1
"815",68360,1,20,2,"DL","SEA","DTW",2049,2058,9,1350,1349,-1
"816",68394,1,20,2,"DL","SEA","OGG",1802,1750,-12,1359,1355,-4
"817",68432,1,20,2,"AA","SEA","DFW",1950,1932,-18,1406,1400,-6
"818",68490,1,20,2,"DL","SEA","ATL",2206,2204,-2,1427,1443,16
"819",68522,1,20,2,"AA","SEA","ORD",2030,2036,6,1437,1433,-4
"820",68611,1,20,2,"DL","SEA","ANC",1735,1727,-8,1500,1500,0
"821",68771,1,20,2,"DL","SEA","MSP",2058,2046,-12,1545,1541,-4
"822",68789,1,20,2,"AA","SEA","DFW",2130,2112,-18,1551,1541,-10
"823",69088,1,20,2,"DL","SEA","SLC",2009,2001,-8,1715,1709,-6
"824",69362,1,20,2,"DL","SEA","HNL",2243,2221,-22,1830,1824,-6
"825",69896,1,20,2,"DL","SEA","JFK",644,658,14,2240,2239,-1
"826",69903,1,20,2,"DL","SEA","DTW",605,604,-1,2255,2251,-4
"827",69908,1,20,2,"DL","SEA","ATL",642,626,-16,2305,2305,0
"828",69920,1,20,2,"AA","SEA","DFW",527,515,-12,2350,2347,-3
"829",69922,1,20,2,"AA","SEA","MIA",826,816,-10,2355,2351,-4
"830",69931,1,21,3,"DL","SEA","MSP",606,615,9,55,56,1
"831",69987,1,21,3,"AA","SEA","DFW",1150,1125,-25,559,553,-6
"832",70026,1,21,3,"DL","SEA","DTW",1312,1342,30,600,600,0
"833",70039,1,21,3,"DL","SEA","SLC",859,855,-4,600,556,-4
"834",70115,1,21,3,"DL","SEA","ATL",1357,1405,8,620,618,-2
"835",70239,1,21,3,"AA","SEA","JFK",1517,1503,-14,700,653,-7
"836",70246,1,21,3,"AA","SEA","DFW",1249,1228,-21,700,651,-9
"837",70312,1,21,3,"DL","SEA","MSP",1226,1229,3,707,705,-2
"838",70325,1,21,3,"DL","SEA","JFK",1522,1516,-6,712,711,-1
"839",70393,1,21,3,"DL","SEA","SLC",1025,1022,-3,725,725,0
"840",70552,1,21,3,"DL","SEA","HNL",1222,1203,-19,805,756,-9
"841",70727,1,21,3,"AA","SEA","DFW",1435,1405,-30,848,838,-10
"842",70742,1,21,3,"AA","SEA","ORD",1447,1454,7,851,848,-3
"843",70798,1,21,3,"DL","SEA","MSP",1421,1420,-1,905,905,0
"844",70806,1,21,3,"DL","SEA","ATL",1650,1652,2,909,922,13
"845",70923,1,21,3,"DL","SEA","DTW",1654,1713,19,942,943,1
"846",71063,1,21,3,"DL","SEA","SLC",1315,1305,-10,1023,1021,-2
"847",71253,1,21,3,"DL","SEA","JFK",1920,2021,61,1115,1206,51
"848",71293,1,21,3,"AA","SEA","DFW",1711,1702,-9,1128,1126,-2
"849",71376,1,21,3,"DL","SEA","ANC",1423,1502,39,1145,1242,57
"850",71523,1,21,3,"DL","SEA","ATL",2001,1941,-20,1220,1217,-3
"851",71577,1,21,3,"DL","SEA","LAX",1505,1502,-3,1233,1234,1
"852",71668,1,21,3,"DL","SEA","MSP",1821,1815,-6,1300,1300,0
"853",71739,1,21,3,"DL","SEA","SLC",1614,1612,-2,1320,1326,6
"854",71860,1,21,3,"DL","SEA","DTW",2049,2106,17,1350,1346,-4
"855",71890,1,21,3,"DL","SEA","OGG",1802,1813,11,1359,1359,0
"856",71932,1,21,3,"AA","SEA","DFW",1950,1947,-3,1406,1402,-4
"857",71991,1,21,3,"DL","SEA","ATL",2206,2151,-15,1427,1424,-3
"858",72024,1,21,3,"AA","SEA","ORD",2030,2019,-11,1437,1429,-8
"859",72119,1,21,3,"DL","SEA","ANC",1735,1722,-13,1500,1506,6
"860",72283,1,21,3,"DL","SEA","MSP",2058,2100,2,1545,1542,-3
"861",72299,1,21,3,"AA","SEA","DFW",2130,2120,-10,1551,1548,-3
"862",72614,1,21,3,"DL","SEA","SLC",2009,2012,3,1715,1711,-4
"863",72901,1,21,3,"DL","SEA","HNL",2243,2222,-21,1830,1810,-20
"864",73459,1,21,3,"DL","SEA","JFK",644,630,-14,2240,2229,-11
"865",73470,1,21,3,"DL","SEA","DTW",604,606,2,2255,2254,-1
"866",73480,1,21,3,"DL","SEA","ATL",642,636,-6,2305,2313,8
"867",73491,1,21,3,"AA","SEA","DFW",527,537,10,2350,2348,-2
"868",73493,1,21,3,"AA","SEA","MIA",826,817,-9,2355,2348,-7
"869",73502,1,22,4,"DL","SEA","MSP",606,609,3,55,53,-2
"870",73558,1,22,4,"AA","SEA","DFW",1150,1156,6,559,558,-1
"871",73597,1,22,4,"DL","SEA","SLC",859,844,-15,600,556,-4
"872",73614,1,22,4,"DL","SEA","DTW",1312,1317,5,600,555,-5
"873",73692,1,22,4,"DL","SEA","ATL",1357,1354,-3,620,619,-1
"874",73813,1,22,4,"AA","SEA","JFK",1517,1519,2,700,654,-6
"875",73820,1,22,4,"AA","SEA","DFW",1249,1248,-1,700,654,-6
"876",73888,1,22,4,"DL","SEA","MSP",1226,1222,-4,707,704,-3
"877",73903,1,22,4,"DL","SEA","JFK",1522,1516,-6,712,704,-8
"878",73971,1,22,4,"DL","SEA","SLC",1025,1017,-8,725,729,4
"879",74136,1,22,4,"DL","SEA","HNL",1222,1236,14,805,803,-2
"880",74314,1,22,4,"AA","SEA","DFW",1435,1840,245,848,1225,217
"881",74330,1,22,4,"AA","SEA","ORD",1447,1500,13,851,854,3
"882",74390,1,22,4,"DL","SEA","MSP",1421,1415,-6,905,902,-3
"883",74397,1,22,4,"DL","SEA","ATL",1650,1650,0,909,908,-1
"884",74515,1,22,4,"DL","SEA","DTW",1654,1700,6,942,942,0
"885",74661,1,22,4,"DL","SEA","SLC",1315,1304,-11,1023,1017,-6
"886",74863,1,22,4,"DL","SEA","JFK",1920,1944,24,1115,1125,10
"887",74900,1,22,4,"AA","SEA","DFW",1711,1718,7,1128,1123,-5
"888",74986,1,22,4,"DL","SEA","ANC",1423,1402,-21,1145,1136,-9
"889",74998,1,22,4,"AA","SEA","ORD",1750,1809,19,1150,1146,-4
"890",75152,1,22,4,"DL","SEA","ATL",2001,2011,10,1220,1219,-1
"891",75202,1,22,4,"DL","SEA","LAX",1505,1521,16,1233,1231,-2
"892",75304,1,22,4,"DL","SEA","MSP",1821,1821,0,1300,1309,9
"893",75366,1,22,4,"DL","SEA","SLC",1614,1618,4,1320,1317,-3
"894",75491,1,22,4,"DL","SEA","DTW",2049,2101,12,1350,1343,-7
"895",75522,1,22,4,"DL","SEA","OGG",1802,1758,-4,1359,1357,-2
"896",75573,1,22,4,"AA","SEA","DFW",1950,2048,58,1406,1458,52
"897",75634,1,22,4,"DL","SEA","ATL",2206,2201,-5,1427,1426,-1
"898",75670,1,22,4,"AA","SEA","ORD",2030,2035,5,1437,1436,-1
"899",75777,1,22,4,"DL","SEA","ANC",1735,1722,-13,1500,1454,-6
"900",75963,1,22,4,"AA","SEA","DFW",2130,2141,11,1551,1552,1
"901",75979,1,22,4,"DL","SEA","MSP",2108,2048,-20,1555,1549,-6
"902",76081,1,22,4,"DL","SEA","SLC",1915,1910,-5,1622,1619,-3
"903",76509,1,22,4,"DL","SEA","SLC",2058,2055,-3,1805,1804,-1
"904",76591,1,22,4,"DL","SEA","HNL",2243,2306,23,1830,1836,6
"905",77042,1,22,4,"DL","SEA","ANC",2337,2323,-14,2057,2051,-6
"906",77199,1,22,4,"DL","SEA","JFK",644,638,-6,2240,2239,-1
"907",77213,1,22,4,"DL","SEA","DTW",605,558,-7,2255,2254,-1
"908",77224,1,22,4,"DL","SEA","ATL",642,646,4,2305,2308,3
"909",77238,1,22,4,"AA","SEA","DFW",527,522,-5,2350,2346,-4
"910",77240,1,22,4,"AA","SEA","MIA",826,838,12,2355,2349,-6
"911",77250,1,23,5,"DL","SEA","MSP",606,555,-11,55,54,-1
"912",77307,1,23,5,"AA","SEA","DFW",1150,1136,-14,559,555,-4
"913",77363,1,23,5,"DL","SEA","DTW",1312,1313,1,600,608,8
"914",77376,1,23,5,"DL","SEA","SLC",859,853,-6,600,557,-3
"915",77437,1,23,5,"DL","SEA","ATL",1357,1355,-2,620,624,4
"916",77562,1,23,5,"AA","SEA","JFK",1517,1505,-12,700,651,-9
"917",77569,1,23,5,"AA","SEA","DFW",1249,1247,-2,700,659,-1
"918",77637,1,23,5,"DL","SEA","MSP",1226,1225,-1,707,707,0
"919",77653,1,23,5,"DL","SEA","JFK",1522,1511,-11,712,707,-5
"920",77723,1,23,5,"DL","SEA","SLC",1025,1008,-17,725,723,-2
"921",77881,1,23,5,"DL","SEA","HNL",1222,1313,51,805,806,1
"922",78069,1,23,5,"AA","SEA","DFW",1435,1423,-12,848,844,-4
"923",78085,1,23,5,"AA","SEA","ORD",1447,1440,-7,851,845,-6
"924",78144,1,23,5,"DL","SEA","MSP",1421,1423,2,905,923,18
"925",78152,1,23,5,"DL","SEA","ATL",1650,1642,-8,909,906,-3
"926",78268,1,23,5,"DL","SEA","DTW",1654,1651,-3,942,941,-1
"927",78412,1,23,5,"DL","SEA","SLC",1315,1317,2,1023,1037,14
"928",78615,1,23,5,"DL","SEA","JFK",1920,1927,7,1115,1121,6
"929",78652,1,23,5,"AA","SEA","DFW",1711,1703,-8,1128,1124,-4
"930",78739,1,23,5,"DL","SEA","ANC",1423,1411,-12,1145,1136,-9
"931",78749,1,23,5,"AA","SEA","ORD",1750,1753,3,1150,1151,1
"932",78899,1,23,5,"DL","SEA","ATL",2001,2013,12,1220,1218,-2
"933",78952,1,23,5,"DL","SEA","LAX",1505,1455,-10,1233,1229,-4
"934",79038,1,23,5,"DL","SEA","MSP",1821,1831,10,1300,1300,0
"935",79113,1,23,5,"DL","SEA","SLC",1614,1609,-5,1320,1319,-1
"936",79241,1,23,5,"DL","SEA","DTW",2049,2058,9,1350,1349,-1
"937",79275,1,23,5,"DL","SEA","OGG",1802,1847,45,1359,1441,42
"938",79322,1,23,5,"AA","SEA","DFW",1950,1943,-7,1406,1405,-1
"939",79384,1,23,5,"DL","SEA","ATL",2206,2214,8,1427,1437,10
"940",79419,1,23,5,"AA","SEA","ORD",2030,2024,-6,1437,1432,-5
"941",79509,1,23,5,"DL","SEA","ANC",1735,1731,-4,1500,1458,-2
"942",79697,1,23,5,"DL","SEA","MSP",2058,2119,21,1545,1604,19
"943",79712,1,23,5,"AA","SEA","DFW",2130,2121,-9,1551,1544,-7
"944",79829,1,23,5,"DL","SEA","SLC",1915,1905,-10,1622,1617,-5
"945",80261,1,23,5,"DL","SEA","SLC",2058,2048,-10,1805,1801,-4
"946",80341,1,23,5,"DL","SEA","HNL",2243,2253,10,1830,1824,-6
"947",80787,1,23,5,"DL","SEA","ANC",2337,2331,-6,2057,2052,-5
"948",80945,1,23,5,"DL","SEA","JFK",644,640,-4,2240,2237,-3
"949",80968,1,23,5,"DL","SEA","ATL",642,632,-10,2305,2308,3
"950",80984,1,23,5,"AA","SEA","DFW",527,519,-8,2350,2347,-3
"951",80987,1,23,5,"AA","SEA","MIA",826,827,1,2355,2354,-1
"952",80989,1,23,5,"DL","SEA","DTW",711,654,-17,2359,2358,-1
"953",80999,1,24,6,"DL","SEA","MSP",605,556,-9,55,50,-5
"954",81044,1,24,6,"AA","SEA","DFW",1150,1140,-10,559,558,-1
"955",81173,1,24,6,"DL","SEA","LAX",907,845,-22,630,626,-4
"956",81254,1,24,6,"AA","SEA","JFK",1517,1459,-18,700,656,-4
"957",81261,1,24,6,"AA","SEA","DFW",1249,1238,-11,700,654,-6
"958",81275,1,24,6,"DL","SEA","DTW",1415,1350,-25,700,656,-4
"959",81319,1,24,6,"DL","SEA","MSP",1225,1204,-21,707,703,-4
"960",81334,1,24,6,"DL","SEA","JFK",1521,1546,25,712,715,3
"961",81385,1,24,6,"DL","SEA","SLC",1023,1012,-11,725,724,-1
"962",81515,1,24,6,"DL","SEA","HNL",1219,1227,8,805,802,-3
"963",81675,1,24,6,"AA","SEA","DFW",1435,1442,7,848,841,-7
"964",81754,1,24,6,"DL","SEA","ATL",1650,1640,-10,909,916,7
"965",81849,1,24,6,"DL","SEA","MSP",1455,1435,-20,942,937,-5
"966",81915,1,24,6,"DL","SEA","SLC",1251,1240,-11,1000,958,-2
"967",82117,1,24,6,"DL","SEA","JFK",1920,1935,15,1115,1126,11
"968",82149,1,24,6,"AA","SEA","DFW",1711,1724,13,1128,1141,13
"969",82203,1,24,6,"DL","SEA","DTW",1850,1833,-17,1140,1136,-4
"970",82218,1,24,6,"DL","SEA","ANC",1423,1417,-6,1145,1137,-8
"971",82226,1,24,6,"AA","SEA","ORD",1750,1749,-1,1150,1145,-5
"972",82340,1,24,6,"DL","SEA","ATL",2001,1942,-19,1220,1219,-1
"973",82397,1,24,6,"DL","SEA","LAX",1505,1511,6,1234,1223,-11
"974",82530,1,24,6,"DL","SEA","SLC",1609,1639,30,1315,1351,36
"975",82602,1,24,6,"DL","SEA","MSP",1858,1854,-4,1340,1351,11
"976",82665,1,24,6,"DL","SEA","OGG",1802,1839,37,1359,1358,-1
"977",82702,1,24,6,"AA","SEA","DFW",1950,1935,-15,1406,1403,-3
"978",82743,1,24,6,"DL","SEA","ATL",2204,2136,-28,1425,1419,-6
"979",82772,1,24,6,"AA","SEA","ORD",2030,2005,-25,1437,1429,-8
"980",82993,1,24,6,"AA","SEA","DFW",2130,2208,38,1551,1639,48
"981",83090,1,24,6,"DL","SEA","SLC",1917,1904,-13,1625,1619,-6
"982",83386,1,24,6,"DL","SEA","ANC",2048,2039,-9,1810,1809,-1
"983",83425,1,24,6,"DL","SEA","HNL",2242,2253,11,1830,1819,-11
"984",83540,1,24,6,"DL","SEA","LAX",2150,2130,-20,1920,1911,-9
"985",83861,1,24,6,"DL","SEA","ATL",641,616,-25,2305,2301,-4
"986",83870,1,24,6,"AA","SEA","DFW",527,544,17,2350,2357,7
"987",83874,1,24,6,"AA","SEA","MIA",826,823,-3,2355,2353,-2
"988",83876,1,24,6,"DL","SEA","DTW",711,701,-10,2359,2353,-6
"989",83884,1,25,7,"DL","SEA","MSP",606,553,-13,55,54,-1
"990",83922,1,25,7,"AA","SEA","DFW",1150,1134,-16,559,555,-4
"991",83944,1,25,7,"DL","SEA","DTW",1312,1303,-9,600,555,-5
"992",83954,1,25,7,"DL","SEA","SLC",859,853,-6,600,558,-2
"993",84012,1,25,7,"DL","SEA","ATL",1357,1424,27,620,655,35
"994",84112,1,25,7,"AA","SEA","JFK",1517,1455,-22,700,653,-7
"995",84119,1,25,7,"AA","SEA","DFW",1249,1249,0,700,654,-6
"996",84179,1,25,7,"DL","SEA","MSP",1226,1205,-21,707,709,2
"997",84192,1,25,7,"DL","SEA","JFK",1522,1518,-4,712,711,-1
"998",84241,1,25,7,"DL","SEA","SLC",1025,1024,-1,725,722,-3
"999",84386,1,25,7,"DL","SEA","HNL",1222,1207,-15,805,756,-9
"1000",84547,1,25,7,"AA","SEA","DFW",1435,1423,-12,848,844,-4
"1001",84559,1,25,7,"AA","SEA","ORD",1447,1450,3,851,849,-2
"1002",84620,1,25,7,"DL","SEA","MSP",1421,1408,-13,905,904,-1
"1003",84627,1,25,7,"DL","SEA","ATL",1650,1631,-19,909,909,0
"1004",84739,1,25,7,"DL","SEA","DTW",1654,1651,-3,942,949,7
"1005",84879,1,25,7,"DL","SEA","SLC",1315,1307,-8,1023,1020,-3
"1006",85076,1,25,7,"DL","SEA","JFK",1920,1924,4,1115,1121,6
"1007",85115,1,25,7,"AA","SEA","DFW",1711,1719,8,1128,1125,-3
"1008",85199,1,25,7,"DL","SEA","ANC",1423,1415,-8,1145,1139,-6
"1009",85208,1,25,7,"AA","SEA","ORD",1750,1807,17,1150,1206,16
"1010",85357,1,25,7,"DL","SEA","ATL",2001,2007,6,1220,1227,7
"1011",85408,1,25,7,"DL","SEA","LAX",1505,1505,0,1233,1233,0
"1012",85504,1,25,7,"DL","SEA","MSP",1821,1800,-21,1300,1301,1
"1013",85572,1,25,7,"DL","SEA","SLC",1614,1613,-1,1320,1319,-1
"1014",85698,1,25,7,"DL","SEA","DTW",2049,2121,32,1350,1406,16
"1015",85730,1,25,7,"DL","SEA","OGG",1802,1806,4,1359,1402,3
"1016",85777,1,25,7,"AA","SEA","DFW",1950,1950,0,1406,1408,2
"1017",85839,1,25,7,"DL","SEA","ATL",2206,2145,-21,1427,1426,-1
"1018",85874,1,25,7,"AA","SEA","ORD",2030,2020,-10,1437,1435,-2
"1019",85972,1,25,7,"DL","SEA","ANC",1735,1756,21,1500,1520,20
"1020",86143,1,25,7,"DL","SEA","MSP",2058,2028,-30,1545,1539,-6
"1021",86163,1,25,7,"AA","SEA","DFW",2130,2123,-7,1551,1546,-5
"1022",86279,1,25,7,"DL","SEA","SLC",1915,1917,2,1622,1616,-6
"1023",86712,1,25,7,"DL","SEA","SLC",2058,2051,-7,1805,1800,-5
"1024",86789,1,25,7,"DL","SEA","HNL",2243,2229,-14,1830,1827,-3
"1025",87236,1,25,7,"DL","SEA","ANC",2337,2331,-6,2057,2047,-10
"1026",87396,1,25,7,"DL","SEA","JFK",644,637,-7,2240,2243,3
"1027",87411,1,25,7,"DL","SEA","DTW",605,559,-6,2255,2303,8
"1028",87422,1,25,7,"DL","SEA","ATL",642,642,0,2305,2315,10
"1029",87436,1,25,7,"AA","SEA","DFW",527,600,33,2350,2358,8
"1030",87438,1,25,7,"AA","SEA","MIA",826,850,24,2355,2353,-2
"1031",87449,1,26,1,"DL","SEA","MSP",606,608,2,55,108,13
"1032",87506,1,26,1,"AA","SEA","DFW",1150,1138,-12,559,557,-2
"1033",87540,1,26,1,"DL","SEA","DTW",1312,1313,1,600,608,8
"1034",87553,1,26,1,"DL","SEA","SLC",859,849,-10,600,556,-4
"1035",87634,1,26,1,"DL","SEA","ATL",1357,1337,-20,620,620,0
"1036",87762,1,26,1,"AA","SEA","JFK",1517,NA,NA,700,NA,NA
"1037",87769,1,26,1,"AA","SEA","DFW",1249,1240,-9,700,657,-3
"1038",87838,1,26,1,"DL","SEA","MSP",1226,1211,-15,707,705,-2
"1039",87854,1,26,1,"DL","SEA","JFK",1522,1525,3,712,705,-7
"1040",87924,1,26,1,"DL","SEA","SLC",1025,1025,0,725,717,-8
"1041",88089,1,26,1,"DL","SEA","HNL",1222,1220,-2,805,759,-6
"1042",88269,1,26,1,"AA","SEA","DFW",1435,1421,-14,848,848,0
"1043",88285,1,26,1,"AA","SEA","ORD",1447,1444,-3,851,849,-2
"1044",88346,1,26,1,"DL","SEA","MSP",1421,1410,-11,905,907,2
"1045",88353,1,26,1,"DL","SEA","ATL",1650,1642,-8,909,912,3
"1046",88473,1,26,1,"DL","SEA","DTW",1654,1638,-16,942,946,4
"1047",88616,1,26,1,"DL","SEA","SLC",1315,1331,16,1023,1027,4
"1048",88817,1,26,1,"DL","SEA","JFK",1920,NA,NA,1115,NA,NA
"1049",88854,1,26,1,"AA","SEA","DFW",1711,1814,63,1128,1229,61
"1050",88940,1,26,1,"DL","SEA","ANC",1423,1428,5,1145,1143,-2
"1051",88951,1,26,1,"AA","SEA","ORD",1750,1748,-2,1150,1146,-4
"1052",89105,1,26,1,"DL","SEA","ATL",2001,1938,-23,1220,1220,0
"1053",89155,1,26,1,"DL","SEA","LAX",1505,1506,1,1233,1230,-3
"1054",89250,1,26,1,"DL","SEA","MSP",1821,1759,-22,1300,1258,-2
"1055",89319,1,26,1,"DL","SEA","SLC",1614,1719,65,1320,1422,62
"1056",89444,1,26,1,"DL","SEA","DTW",2049,2042,-7,1350,1345,-5
"1057",89476,1,26,1,"DL","SEA","OGG",1802,1815,13,1359,1356,-3
"1058",89526,1,26,1,"AA","SEA","DFW",1950,1947,-3,1406,1400,-6
"1059",89587,1,26,1,"DL","SEA","ATL",2206,2141,-25,1427,1425,-2
"1060",89622,1,26,1,"AA","SEA","ORD",2030,2025,-5,1437,1433,-4
"1061",89720,1,26,1,"DL","SEA","ANC",1735,1723,-12,1500,1458,-2
"1062",89900,1,26,1,"DL","SEA","MSP",2058,2049,-9,1545,1542,-3
"1063",89913,1,26,1,"AA","SEA","DFW",2130,2141,11,1551,1605,14
"1064",90031,1,26,1,"DL","SEA","SLC",1915,1914,-1,1622,1616,-6
"1065",90463,1,26,1,"DL","SEA","SLC",2058,2100,2,1805,1800,-5
"1066",90540,1,26,1,"DL","SEA","HNL",2243,2233,-10,1830,1829,-1
"1067",90984,1,26,1,"DL","SEA","ANC",2337,2313,-24,2057,2050,-7
"1068",91142,1,26,1,"DL","SEA","JFK",644,NA,NA,2240,NA,NA
"1069",91156,1,26,1,"DL","SEA","DTW",605,547,-18,2255,2251,-4
"1070",91166,1,26,1,"DL","SEA","ATL",641,621,-20,2305,2308,3
"1071",91180,1,26,1,"AA","SEA","DFW",527,512,-15,2350,2338,-12
"1072",91182,1,26,1,"AA","SEA","MIA",826,816,-10,2355,2344,-11
"1073",91192,1,27,2,"DL","SEA","MSP",606,549,-17,55,53,-2
"1074",91247,1,27,2,"AA","SEA","DFW",1150,1122,-28,559,548,-11
"1075",91274,1,27,2,"DL","SEA","SLC",859,847,-12,600,548,-12
"1076",91304,1,27,2,"DL","SEA","DTW",1312,1258,-14,600,556,-4
"1077",91376,1,27,2,"DL","SEA","ATL",1357,1339,-18,620,620,0
"1078",91502,1,27,2,"AA","SEA","JFK",1517,NA,NA,700,NA,NA
"1079",91509,1,27,2,"AA","SEA","DFW",1249,1250,1,700,657,-3
"1080",91573,1,27,2,"DL","SEA","MSP",1226,1206,-20,707,706,-1
"1081",91588,1,27,2,"DL","SEA","JFK",1522,NA,NA,712,NA,NA
"1082",91658,1,27,2,"DL","SEA","SLC",1025,1026,1,725,734,9
"1083",91991,1,27,2,"AA","SEA","DFW",1435,1418,-17,848,839,-9
"1084",92005,1,27,2,"AA","SEA","ORD",1447,1426,-21,851,843,-8
"1085",92067,1,27,2,"DL","SEA","MSP",1421,1408,-13,905,900,-5
"1086",92074,1,27,2,"DL","SEA","ATL",1650,1650,0,909,933,24
"1087",92187,1,27,2,"DL","SEA","DTW",1654,1633,-21,942,937,-5
"1088",92325,1,27,2,"DL","SEA","SLC",1315,1312,-3,1023,1018,-5
"1089",92516,1,27,2,"DL","SEA","JFK",1920,NA,NA,1115,NA,NA
"1090",92550,1,27,2,"AA","SEA","DFW",1711,1711,0,1128,1126,-2
"1091",92629,1,27,2,"DL","SEA","ANC",1423,1413,-10,1145,1138,-7
"1092",92639,1,27,2,"AA","SEA","ORD",1750,1723,-27,1150,1138,-12
"1093",92773,1,27,2,"DL","SEA","ATL",2001,1956,-5,1220,1220,0
"1094",92823,1,27,2,"DL","SEA","LAX",1505,1513,8,1233,1242,9
"1095",92906,1,27,2,"DL","SEA","MSP",1821,1805,-16,1300,1303,3
"1096",92976,1,27,2,"DL","SEA","SLC",1614,1627,13,1320,1328,8
"1097",93101,1,27,2,"DL","SEA","DTW",2049,2040,-9,1350,1347,-3
"1098",93129,1,27,2,"DL","SEA","OGG",1802,1813,11,1359,1358,-1
"1099",93169,1,27,2,"AA","SEA","DFW",1950,1943,-7,1406,1359,-7
"1100",93227,1,27,2,"DL","SEA","ATL",2206,2143,-23,1427,1420,-7
"1101",93259,1,27,2,"AA","SEA","ORD",2030,1956,-34,1437,1424,-13
"1102",93345,1,27,2,"DL","SEA","ANC",1735,1750,15,1500,1527,27
"1103",93505,1,27,2,"DL","SEA","MSP",2058,2039,-19,1545,1538,-7
"1104",93524,1,27,2,"AA","SEA","DFW",2130,2114,-16,1551,1542,-9
"1105",93825,1,27,2,"DL","SEA","SLC",2009,1957,-12,1715,1709,-6
"1106",94099,1,27,2,"DL","SEA","HNL",2243,2249,6,1830,1827,-3
"1107",94633,1,27,2,"DL","SEA","JFK",644,631,-13,2240,2238,-2
"1108",94640,1,27,2,"DL","SEA","DTW",605,554,-11,2255,2252,-3
"1109",94647,1,27,2,"DL","SEA","ATL",642,619,-23,2305,2259,-6
"1110",94657,1,27,2,"AA","SEA","DFW",527,523,-4,2350,2349,-1
"1111",94659,1,27,2,"AA","SEA","MIA",826,835,9,2355,2356,1
"1112",94668,1,28,3,"DL","SEA","MSP",606,553,-13,55,50,-5
"1113",94724,1,28,3,"AA","SEA","DFW",1150,1116,-34,559,544,-15
"1114",94759,1,28,3,"DL","SEA","SLC",859,840,-19,600,554,-6
"1115",94787,1,28,3,"DL","SEA","DTW",1312,1253,-19,600,555,-5
"1116",94853,1,28,3,"DL","SEA","ATL",1357,1358,1,620,619,-1
"1117",94977,1,28,3,"AA","SEA","JFK",1517,1450,-27,700,653,-7
"1118",94984,1,28,3,"AA","SEA","DFW",1249,1240,-9,700,655,-5
"1119",95050,1,28,3,"DL","SEA","MSP",1226,1204,-22,707,703,-4
"1120",95063,1,28,3,"DL","SEA","JFK",1522,1459,-23,712,703,-9
"1121",95136,1,28,3,"DL","SEA","SLC",1025,1015,-10,725,724,-1
"1122",95292,1,28,3,"DL","SEA","HNL",1222,1231,9,805,805,0
"1123",95465,1,28,3,"AA","SEA","DFW",1435,1418,-17,848,848,0
"1124",95480,1,28,3,"AA","SEA","ORD",1447,1437,-10,851,845,-6
"1125",95537,1,28,3,"DL","SEA","MSP",1421,1401,-20,905,901,-4
"1126",95545,1,28,3,"DL","SEA","ATL",1650,1633,-17,909,907,-2
"1127",95663,1,28,3,"DL","SEA","DTW",1654,1643,-11,942,940,-2
"1128",95801,1,28,3,"DL","SEA","SLC",1315,1315,0,1023,1023,0
"1129",95992,1,28,3,"DL","SEA","JFK",1920,1919,-1,1115,1107,-8
"1130",96031,1,28,3,"AA","SEA","DFW",1711,1701,-10,1128,1120,-8
"1131",96108,1,28,3,"DL","SEA","ANC",1423,1431,8,1145,1150,5
"1132",96262,1,28,3,"DL","SEA","ATL",2001,1949,-12,1220,1220,0
"1133",96316,1,28,3,"DL","SEA","LAX",1505,1533,28,1233,1231,-2
"1134",96401,1,28,3,"DL","SEA","MSP",1821,1802,-19,1300,1259,-1
"1135",96476,1,28,3,"DL","SEA","SLC",1614,1623,9,1320,1321,1
"1136",96593,1,28,3,"DL","SEA","DTW",2049,2044,-5,1350,1347,-3
"1137",96630,1,28,3,"DL","SEA","OGG",1802,1842,40,1359,1412,13
"1138",96671,1,28,3,"AA","SEA","DFW",1950,1944,-6,1406,1402,-4
"1139",96730,1,28,3,"DL","SEA","ATL",2206,2143,-23,1427,1421,-6
"1140",96763,1,28,3,"AA","SEA","ORD",2030,2015,-15,1437,1432,-5
"1141",96854,1,28,3,"DL","SEA","ANC",1735,1723,-12,1500,1457,-3
"1142",97022,1,28,3,"DL","SEA","MSP",2058,2103,5,1545,1556,11
"1143",97038,1,28,3,"AA","SEA","DFW",2130,2108,-22,1551,1544,-7
"1144",97357,1,28,3,"DL","SEA","SLC",2009,2007,-2,1715,1709,-6
"1145",97643,1,28,3,"DL","SEA","HNL",2243,2304,21,1830,1823,-7
"1146",98202,1,28,3,"DL","SEA","JFK",644,636,-8,2240,2235,-5
"1147",98211,1,28,3,"DL","SEA","DTW",604,557,-7,2255,2251,-4
"1148",98223,1,28,3,"DL","SEA","ATL",642,620,-22,2305,2303,-2
"1149",98234,1,28,3,"AA","SEA","DFW",527,525,-2,2350,2341,-9
"1150",98236,1,28,3,"AA","SEA","MIA",826,814,-12,2355,2353,-2
"1151",98245,1,29,4,"DL","SEA","MSP",606,649,43,55,143,48
"1152",98301,1,29,4,"AA","SEA","DFW",1150,1123,-27,559,553,-6
"1153",98342,1,29,4,"DL","SEA","DTW",1312,1300,-12,600,554,-6
"1154",98355,1,29,4,"DL","SEA","SLC",859,854,-5,600,547,-13
"1155",98433,1,29,4,"DL","SEA","ATL",1357,1330,-27,620,618,-2
"1156",98558,1,29,4,"AA","SEA","JFK",1517,1453,-24,700,651,-9
"1157",98565,1,29,4,"AA","SEA","DFW",1249,1232,-17,700,657,-3
"1158",98633,1,29,4,"DL","SEA","MSP",1226,1210,-16,707,700,-7
"1159",98648,1,29,4,"DL","SEA","JFK",1522,1512,-10,712,704,-8
"1160",98718,1,29,4,"DL","SEA","SLC",1025,1015,-10,725,720,-5
"1161",98881,1,29,4,"DL","SEA","HNL",1222,1246,24,805,759,-6
"1162",99058,1,29,4,"AA","SEA","DFW",1435,1409,-26,848,837,-11
"1163",99074,1,29,4,"AA","SEA","ORD",1447,1633,106,851,1037,106
"1164",99133,1,29,4,"DL","SEA","MSP",1421,1414,-7,905,908,3
"1165",99142,1,29,4,"DL","SEA","ATL",1650,1626,-24,909,909,0
"1166",99259,1,29,4,"DL","SEA","DTW",1654,1645,-9,942,938,-4
"1167",99404,1,29,4,"DL","SEA","SLC",1315,1323,8,1023,1032,9
"1168",99605,1,29,4,"DL","SEA","JFK",1920,1947,27,1115,1145,30
"1169",99644,1,29,4,"AA","SEA","DFW",1711,1657,-14,1128,1121,-7
"1170",99730,1,29,4,"DL","SEA","ANC",1423,1402,-21,1145,1139,-6
"1171",99741,1,29,4,"AA","SEA","ORD",1750,1803,13,1150,1207,17
"1172",99892,1,29,4,"DL","SEA","ATL",2001,1943,-18,1220,1225,5
"1173",99946,1,29,4,"DL","SEA","LAX",1505,1518,13,1233,1232,-1
"1174",100042,1,29,4,"DL","SEA","MSP",1821,1759,-22,1300,1258,-2
"1175",100110,1,29,4,"DL","SEA","SLC",1614,1608,-6,1320,1318,-2
"1176",100236,1,29,4,"DL","SEA","DTW",2049,2120,31,1350,1423,33
"1177",100269,1,29,4,"DL","SEA","OGG",1802,1816,14,1359,1400,1
"1178",100317,1,29,4,"AA","SEA","DFW",1950,1938,-12,1406,1401,-5
"1179",100378,1,29,4,"DL","SEA","ATL",2205,2134,-31,1427,1426,-1
"1180",100414,1,29,4,"AA","SEA","ORD",2030,2035,5,1437,1439,2
"1181",100516,1,29,4,"DL","SEA","ANC",1735,1722,-13,1500,1458,-2
"1182",100690,1,29,4,"DL","SEA","MSP",2058,2043,-15,1545,1538,-7
"1183",100709,1,29,4,"AA","SEA","DFW",2130,2129,-1,1551,1550,-1
"1184",100827,1,29,4,"DL","SEA","SLC",1915,1919,4,1622,1622,0
"1185",101260,1,29,4,"DL","SEA","SLC",2058,2148,50,1805,1900,55
"1186",101336,1,29,4,"DL","SEA","HNL",2243,2345,62,1830,1900,30
"1187",101787,1,29,4,"DL","SEA","ANC",2337,2318,-19,2057,2035,-22
"1188",101943,1,29,4,"DL","SEA","JFK",644,631,-13,2240,2240,0
"1189",101957,1,29,4,"DL","SEA","DTW",605,617,12,2255,2313,18
"1190",101968,1,29,4,"DL","SEA","ATL",642,615,-27,2305,2302,-3
"1191",101982,1,29,4,"AA","SEA","DFW",527,525,-2,2350,2344,-6
"1192",101984,1,29,4,"AA","SEA","MIA",826,816,-10,2355,2358,3
"1193",101994,1,30,5,"DL","SEA","MSP",606,551,-15,55,50,-5
"1194",102050,1,30,5,"AA","SEA","DFW",1150,1150,0,559,558,-1
"1195",102078,1,30,5,"DL","SEA","DTW",1312,1258,-14,600,552,-8
"1196",102117,1,30,5,"DL","SEA","SLC",859,903,4,600,558,-2
"1197",102179,1,30,5,"DL","SEA","ATL",1357,1348,-9,620,622,2
"1198",102308,1,30,5,"AA","SEA","JFK",1517,1504,-13,700,657,-3
"1199",102315,1,30,5,"AA","SEA","DFW",1249,1321,32,700,701,1
"1200",102383,1,30,5,"DL","SEA","MSP",1226,1222,-4,707,714,7
"1201",102398,1,30,5,"DL","SEA","JFK",1522,1512,-10,712,704,-8
"1202",102457,1,30,5,"DL","SEA","SLC",1025,1046,21,725,724,-1
"1203",102627,1,30,5,"DL","SEA","HNL",1222,1244,22,805,757,-8
"1204",102813,1,30,5,"AA","SEA","DFW",1435,1434,-1,848,838,-10
"1205",102829,1,30,5,"AA","SEA","ORD",1447,1446,-1,851,849,-2
"1206",102893,1,30,5,"DL","SEA","MSP",1421,1407,-14,905,907,2
"1207",102898,1,30,5,"DL","SEA","ATL",1650,1635,-15,909,914,5
"1208",103015,1,30,5,"DL","SEA","DTW",1654,1639,-15,942,943,1
"1209",103159,1,30,5,"DL","SEA","SLC",1315,1316,1,1023,1021,-2
"1210",103366,1,30,5,"DL","SEA","JFK",1920,1943,23,1115,1128,13
"1211",103397,1,30,5,"AA","SEA","DFW",1711,1724,13,1128,1128,0
"1212",103476,1,30,5,"DL","SEA","ANC",1423,1412,-11,1145,1141,-4
"1213",103495,1,30,5,"AA","SEA","ORD",1750,1814,24,1150,1152,2
"1214",103650,1,30,5,"DL","SEA","ATL",2001,2006,5,1220,1230,10
"1215",103699,1,30,5,"DL","SEA","LAX",1505,1515,10,1233,1233,0
"1216",103785,1,30,5,"DL","SEA","MSP",1821,1806,-15,1300,1310,10
"1217",103860,1,30,5,"DL","SEA","SLC",1614,1740,86,1320,1451,91
"1218",103982,1,30,5,"DL","SEA","DTW",2049,2041,-8,1350,1347,-3
"1219",104021,1,30,5,"DL","SEA","OGG",1802,1839,37,1359,1402,3
"1220",104068,1,30,5,"AA","SEA","DFW",1950,1944,-6,1406,1358,-8
"1221",104131,1,30,5,"DL","SEA","ATL",2206,2146,-20,1427,1432,5
"1222",104166,1,30,5,"AA","SEA","ORD",2030,2011,-19,1437,1437,0
"1223",104271,1,30,5,"DL","SEA","ANC",1735,1857,82,1500,1615,75
"1224",104444,1,30,5,"DL","SEA","MSP",2058,2052,-6,1545,1559,14
"1225",104460,1,30,5,"AA","SEA","DFW",2130,132,242,1551,1949,238
"1226",104577,1,30,5,"DL","SEA","SLC",1915,1938,23,1622,1635,13
"1227",105044,1,30,5,"DL","SEA","SLC",2110,2138,28,1817,1828,11
"1228",105086,1,30,5,"DL","SEA","HNL",2243,2317,34,1830,1824,-6
"1229",105533,1,30,5,"DL","SEA","ANC",2337,2357,20,2057,2054,-3
"1230",105692,1,30,5,"DL","SEA","JFK",644,645,1,2240,2239,-1
"1231",105715,1,30,5,"DL","SEA","ATL",642,719,37,2305,2351,46
"1232",105731,1,30,5,"AA","SEA","DFW",527,548,21,2350,2345,-5
"1233",105734,1,30,5,"AA","SEA","MIA",826,814,-12,2355,2353,-2
"1234",105736,1,30,5,"DL","SEA","DTW",711,703,-8,2359,3,4
"1235",105745,1,31,6,"DL","SEA","MSP",605,553,-12,55,55,0
"1236",105789,1,31,6,"AA","SEA","DFW",1150,1147,-3,559,554,-5
"1237",105923,1,31,6,"DL","SEA","LAX",907,902,-5,630,624,-6
"1238",105991,1,31,6,"AA","SEA","JFK",1517,1505,-12,700,659,-1
"1239",105998,1,31,6,"AA","SEA","DFW",1249,1250,1,700,657,-3
"1240",106018,1,31,6,"DL","SEA","DTW",1415,1345,-30,700,658,-2
"1241",106053,1,31,6,"DL","SEA","MSP",1225,1202,-23,707,704,-3
"1242",106068,1,31,6,"DL","SEA","JFK",1521,1521,0,712,705,-7
"1243",106116,1,31,6,"DL","SEA","SLC",1023,1016,-7,725,720,-5
"1244",106243,1,31,6,"DL","SEA","HNL",1219,1313,54,805,803,-2
"1245",106401,1,31,6,"AA","SEA","DFW",1435,1441,6,848,846,-2
"1246",106479,1,31,6,"DL","SEA","ATL",1650,1634,-16,909,911,2
"1247",106630,1,31,6,"DL","SEA","SLC",1251,1249,-2,1000,957,-3
"1248",106832,1,31,6,"DL","SEA","JFK",1920,1955,35,1115,1204,49
"1249",106859,1,31,6,"AA","SEA","DFW",1711,1718,7,1128,1123,-5
"1250",106910,1,31,6,"DL","SEA","DTW",1850,1837,-13,1140,1138,-2
"1251",106921,1,31,6,"DL","SEA","ANC",1423,1438,15,1145,1147,2
"1252",106936,1,31,6,"AA","SEA","ORD",1750,1741,-9,1150,1154,4
"1253",107054,1,31,6,"DL","SEA","ATL",2001,1942,-19,1220,1218,-2
"1254",107104,1,31,6,"DL","SEA","LAX",1505,1521,16,1234,1233,-1
"1255",107231,1,31,6,"DL","SEA","SLC",1609,1644,35,1315,1407,52
"1256",107309,1,31,6,"DL","SEA","MSP",1857,1855,-2,1340,1352,12
"1257",107365,1,31,6,"DL","SEA","OGG",1802,1829,27,1359,1357,-2
"1258",107395,1,31,6,"AA","SEA","DFW",1950,1959,9,1406,1356,-10
"1259",107432,1,31,6,"DL","SEA","ATL",2204,2220,16,1425,1450,25
"1260",107454,1,31,6,"AA","SEA","ORD",2030,NA,NA,1437,NA,NA
"1261",107653,1,31,6,"AA","SEA","DFW",2130,2119,-11,1551,1544,-7
"1262",107738,1,31,6,"DL","SEA","SLC",1917,1903,-14,1625,1622,-3
"1263",108011,1,31,6,"DL","SEA","ANC",2048,2032,-16,1810,1807,-3
"1264",108042,1,31,6,"DL","SEA","HNL",2242,2301,19,1830,1828,-2
"1265",108463,1,31,6,"DL","SEA","ATL",640,648,8,2305,2332,27
"1266",108474,1,31,6,"AA","SEA","DFW",527,519,-8,2350,2350,0
"1267",108478,1,31,6,"AA","SEA","MIA",826,808,-18,2355,2349,-6
"1268",108480,1,31,6,"DL","SEA","DTW",711,658,-13,2359,2359,0
